item_id,store_id,mean_sales,is_normal_volume
FOODS_1_001,CA_1,0.7856769472033456,False
FOODS_1_001,CA_2,1.157344485101934,False
FOODS_1_001,CA_3,1.2033455305802403,False
FOODS_1_001,CA_4,0.3596445373758494,False
FOODS_1_001,TX_1,0.5849451123889179,False
FOODS_1_001,TX_2,0.5812859383167799,False
FOODS_1_001,TX_3,0.4103502352326189,False
FOODS_1_001,WI_1,0.567694720334553,False
FOODS_1_001,WI_2,0.4573967590172504,False
FOODS_1_001,WI_3,0.2943021432305279,False
FOODS_1_016,CA_1,1.2446419236800836,False
FOODS_1_016,CA_2,1.3434396236278097,False
FOODS_1_016,CA_3,0.9665446941975954,False
FOODS_1_016,CA_4,0.553058024046001,False
FOODS_1_016,TX_1,0.3042341871406168,False
FOODS_1_016,TX_2,0.5023523261892315,False
FOODS_1_016,TX_3,0.4783063251437532,False
FOODS_1_016,WI_1,0.7605854678515421,False
FOODS_1_016,WI_2,0.6204913748039729,False
FOODS_1_016,WI_3,0.393099843178254,False
FOODS_1_032,CA_1,7.7109252483010975,True
FOODS_1_032,CA_2,3.4866701515943546,True
FOODS_1_032,CA_3,6.740721380031364,True
FOODS_1_032,CA_4,6.2723470987977,True
FOODS_1_032,TX_1,3.559330893883952,True
FOODS_1_032,TX_2,8.007318348144276,True
FOODS_1_032,TX_3,6.667015159435442,True
FOODS_1_032,WI_1,7.360690015682175,True
FOODS_1_032,WI_2,7.9492943021432305,True
FOODS_1_032,WI_3,8.047046523784632,True
FOODS_1_034,CA_1,0.3068478829064296,False
FOODS_1_034,CA_2,0.639832723470988,False
FOODS_1_034,CA_3,0.3941453214845792,False
FOODS_1_034,CA_4,0.2268687924725562,False
FOODS_1_034,TX_1,0.2132775744903293,False
FOODS_1_034,TX_2,0.4364871928907475,False
FOODS_1_034,TX_3,0.3408259278619969,False
FOODS_1_034,WI_1,0.3774176685833769,False
FOODS_1_034,WI_2,0.1944589649764767,False
FOODS_1_034,WI_3,0.1505488761108207,False
FOODS_1_046,CA_1,7.13016204913748,True
FOODS_1_046,CA_2,5.450078410872974,True
FOODS_1_046,CA_3,6.509147935180345,True
FOODS_1_046,CA_4,5.478829064296916,True
FOODS_1_046,TX_1,3.106638787245165,True
FOODS_1_046,TX_2,12.082070047046525,True
FOODS_1_046,TX_3,5.209095661265029,True
FOODS_1_046,WI_1,7.674333507579718,True
FOODS_1_046,WI_2,8.281756403554626,True
FOODS_1_046,WI_3,5.0737062205959225,True
FOODS_1_047,CA_1,1.012023000522739,False
FOODS_1_047,CA_2,2.6100365917407213,True
FOODS_1_047,CA_3,1.912179822268688,True
FOODS_1_047,CA_4,0.7036069001568217,False
FOODS_1_047,TX_1,0.9592263460533194,False
FOODS_1_047,TX_2,0.7553580763199164,False
FOODS_1_047,TX_3,0.5368531102979613,False
FOODS_1_047,WI_1,0.9247255619445895,False
FOODS_1_047,WI_2,0.4370099320439101,False
FOODS_1_047,WI_3,0.4354417145844224,False
FOODS_1_053,CA_1,0.3826450601150026,False
FOODS_1_053,CA_2,0.6879247255619446,False
FOODS_1_053,CA_3,0.3324621014113957,False
FOODS_1_053,CA_4,0.8154730789336121,False
FOODS_1_053,TX_1,0.1792995295347621,False
FOODS_1_053,TX_2,0.2420282279142707,False
FOODS_1_053,TX_3,0.2388917929952953,False
FOODS_1_053,WI_1,0.4662833246210141,False
FOODS_1_053,WI_2,0.338212232096184,False
FOODS_1_053,WI_3,0.1583899634082592,False
FOODS_1_054,CA_1,1.8076319916361736,True
FOODS_1_054,CA_2,2.147935180345008,True
FOODS_1_054,CA_3,1.6163094615786722,True
FOODS_1_054,CA_4,0.6696288552012546,False
FOODS_1_054,TX_1,0.7485624673288029,False
FOODS_1_054,TX_2,1.057501306847883,False
FOODS_1_054,TX_3,0.6408782017773131,False
FOODS_1_054,WI_1,1.3863042341871403,False
FOODS_1_054,WI_2,0.9534762153685312,False
FOODS_1_054,WI_3,0.8280188186095139,False
FOODS_1_058,CA_1,2.9404077365394667,True
FOODS_1_058,CA_2,3.623627809722948,True
FOODS_1_058,CA_3,5.392054364871929,True
FOODS_1_058,CA_4,0.7903815995818086,False
FOODS_1_058,TX_1,2.831677992681652,True
FOODS_1_058,TX_2,3.4500784108729743,True
FOODS_1_058,TX_3,2.6204913748039727,True
FOODS_1_058,WI_1,1.9874542603240983,True
FOODS_1_058,WI_2,2.449032932566649,True
FOODS_1_058,WI_3,2.185572399372713,True
FOODS_1_065,CA_1,0.6534239414532148,False
FOODS_1_065,CA_2,1.273392577104025,False
FOODS_1_065,CA_3,1.280710925248301,False
FOODS_1_065,CA_4,0.4594877156299007,False
FOODS_1_065,TX_1,0.3408259278619969,False
FOODS_1_065,TX_2,0.3972817564035546,False
FOODS_1_065,TX_3,0.3141662310507057,False
FOODS_1_065,WI_1,0.7339257710402509,False
FOODS_1_065,WI_2,0.2807109252483011,False
FOODS_1_065,WI_3,0.3152117093570308,False
FOODS_1_069,CA_1,0.7794040773653946,False
FOODS_1_069,CA_2,2.657605854678516,True
FOODS_1_069,CA_3,1.9043387349712493,True
FOODS_1_069,CA_4,0.7679038159958181,False
FOODS_1_069,TX_1,0.90852064819655,False
FOODS_1_069,TX_2,0.393099843178254,False
FOODS_1_069,TX_3,0.316257187663356,False
FOODS_1_069,WI_1,0.545739675901725,False
FOODS_1_069,WI_2,0.4281233664401463,False
FOODS_1_069,WI_3,0.2017773131207527,False
FOODS_1_072,CA_1,0.396759017250392,False
FOODS_1_072,CA_2,0.5635128071092524,False
FOODS_1_072,CA_3,1.0015682174594878,False
FOODS_1_072,CA_4,0.0590695243073706,False
FOODS_1_072,TX_1,0.5692629377940408,False
FOODS_1_072,TX_2,0.4119184526921066,False
FOODS_1_072,TX_3,0.2598013591217982,False
FOODS_1_072,WI_1,0.2232096184004182,False
FOODS_1_072,WI_2,0.2158912702561422,False
FOODS_1_072,WI_3,0.3178254051228437,False
FOODS_1_075,CA_1,0.9174072138003136,False
FOODS_1_075,CA_2,0.8092002090956613,False
FOODS_1_075,CA_3,0.4819654992158912,False
FOODS_1_075,CA_4,0.3721902770517512,False
FOODS_1_075,TX_1,0.3355985363303711,False
FOODS_1_075,TX_2,0.4343962362780972,False
FOODS_1_075,TX_3,0.3183481442760063,False
FOODS_1_075,WI_1,1.010977522216414,False
FOODS_1_075,WI_2,0.4380554103502352,False
FOODS_1_075,WI_3,0.4777835859905907,False
FOODS_1_082,CA_1,2.2801881860951387,True
FOODS_1_082,CA_2,2.537375849451124,True
FOODS_1_082,CA_3,2.257710402509148,True
FOODS_1_082,CA_4,4.314688970203869,True
FOODS_1_082,TX_1,3.013591217982227,True
FOODS_1_082,TX_2,2.372713016204914,True
FOODS_1_082,TX_3,2.3277574490329327,True
FOODS_1_082,WI_1,4.396759017250392,True
FOODS_1_082,WI_2,8.488238369053843,True
FOODS_1_082,WI_3,3.302665969681129,True
FOODS_1_090,CA_1,0.8797699947726084,False
FOODS_1_090,CA_2,1.3653946680606377,False
FOODS_1_090,CA_3,1.1620491374803972,False
FOODS_1_090,CA_4,0.6236278097229483,False
FOODS_1_090,TX_1,0.5143753267119707,False
FOODS_1_090,TX_2,0.4809200209095661,False
FOODS_1_090,TX_3,0.3005750130684788,False
FOODS_1_090,WI_1,0.6497647673810768,False
FOODS_1_090,WI_2,0.2462101411395713,False
FOODS_1_090,WI_3,0.3157344485101934,False
FOODS_1_095,CA_1,0.2085729221118661,False
FOODS_1_095,CA_2,0.4709879769994772,False
FOODS_1_095,CA_3,0.1306847882906429,False
FOODS_1_095,CA_4,0.7297438578149503,False
FOODS_1_095,TX_1,0.1353894406691061,False
FOODS_1_095,TX_2,0.41871406168322,False
FOODS_1_095,TX_3,0.9027705175117616,False
FOODS_1_095,WI_1,0.5582854155776268,False
FOODS_1_095,WI_2,0.3925771040250915,False
FOODS_1_095,WI_3,0.1265028750653423,False
FOODS_1_105,CA_1,1.0240460010454784,False
FOODS_1_105,CA_2,0.6163094615786723,False
FOODS_1_105,CA_3,0.766858337689493,False
FOODS_1_105,CA_4,0.3246210141139571,False
FOODS_1_105,TX_1,0.3779404077365395,False
FOODS_1_105,TX_2,0.3518034500784108,False
FOODS_1_105,TX_3,0.3518034500784108,False
FOODS_1_105,WI_1,0.349189754312598,False
FOODS_1_105,WI_2,0.4317825405122844,False
FOODS_1_105,WI_3,0.4500784108729744,False
FOODS_1_111,CA_1,0.1651855723993727,False
FOODS_1_111,CA_2,0.258755880815473,False
FOODS_1_111,CA_3,0.1813904861474124,False
FOODS_1_111,CA_4,0.1322530057501307,False
FOODS_1_111,TX_1,0.0627286983795086,False
FOODS_1_111,TX_2,0.0642969158389963,False
FOODS_1_111,TX_3,0.0282279142707788,False
FOODS_1_111,WI_1,0.1453214845791949,False
FOODS_1_111,WI_2,0.0684788290642969,False
FOODS_1_111,WI_3,0.0423418714061683,False
FOODS_1_123,CA_1,0.8478829064296916,False
FOODS_1_123,CA_2,1.7527443805541034,True
FOODS_1_123,CA_3,1.7987454260324098,True
FOODS_1_123,CA_4,0.4103502352326189,False
FOODS_1_123,TX_1,0.7104025091479352,False
FOODS_1_123,TX_2,0.6529012023000522,False
FOODS_1_123,TX_3,0.4772608468374281,False
FOODS_1_123,WI_1,0.6027182435964453,False
FOODS_1_123,WI_2,0.3293256664924203,False
FOODS_1_123,WI_3,0.5081024568740199,False
FOODS_1_127,CA_1,1.509147935180345,True
FOODS_1_127,CA_2,2.0350235232618923,True
FOODS_1_127,CA_3,1.7506534239414533,True
FOODS_1_127,CA_4,0.8740198640878202,False
FOODS_1_127,TX_1,0.7496079456351281,False
FOODS_1_127,TX_2,0.9623627809722948,False
FOODS_1_127,TX_3,0.8342916884474647,False
FOODS_1_127,WI_1,1.3507579717720857,False
FOODS_1_127,WI_2,0.8149503397804495,False
FOODS_1_127,WI_3,0.8248823836905385,False
FOODS_1_137,CA_1,2.52639832723471,True
FOODS_1_137,CA_2,4.749085206481966,True
FOODS_1_137,CA_3,4.189231573444851,True
FOODS_1_137,CA_4,1.7391531625718766,True
FOODS_1_137,TX_1,2.2179822268687923,True
FOODS_1_137,TX_2,3.158389963408259,True
FOODS_1_137,TX_3,1.4610559330893884,False
FOODS_1_137,WI_1,2.0318870883429168,True
FOODS_1_137,WI_2,2.14427600627287,True
FOODS_1_137,WI_3,1.7119707266074229,True
FOODS_1_142,CA_1,0.8227914270778881,False
FOODS_1_142,CA_2,2.6340825927861995,True
FOODS_1_142,CA_3,2.440669106116048,True
FOODS_1_142,CA_4,0.5802404600104548,False
FOODS_1_142,TX_1,0.9053842132775743,False
FOODS_1_142,TX_2,1.0412963930998431,False
FOODS_1_142,TX_3,0.8625196027182436,False
FOODS_1_142,WI_1,0.7354939884997387,False
FOODS_1_142,WI_2,0.930475692629378,False
FOODS_1_142,WI_3,0.913225300575013,False
FOODS_1_144,CA_1,0.8353371667537899,False
FOODS_1_144,CA_2,0.956089911134344,False
FOODS_1_144,CA_3,0.6628332462101412,False
FOODS_1_144,CA_4,0.4438055410350235,False
FOODS_1_144,TX_1,0.319916361735494,False
FOODS_1_144,TX_2,0.5504443282801882,False
FOODS_1_144,TX_3,0.4359644537375849,False
FOODS_1_144,WI_1,1.4877156299006795,False
FOODS_1_144,WI_2,0.6487192890747517,False
FOODS_1_144,WI_3,0.523784631468897,False
FOODS_1_147,CA_1,0.3115525352848928,False
FOODS_1_147,CA_2,0.4589649764767381,False
FOODS_1_147,CA_3,0.7720857292211186,False
FOODS_1_147,CA_4,0.5708311552535285,False
FOODS_1_147,TX_1,0.1421850496602195,False
FOODS_1_147,TX_2,0.2509147935180345,False
FOODS_1_147,TX_3,0.2122320961840041,False
FOODS_1_147,WI_1,0.1003659174072138,False
FOODS_1_147,WI_2,0.1285938316779926,False
FOODS_1_147,WI_3,0.0538421327757449,False
FOODS_1_152,CA_1,0.9336121275483532,False
FOODS_1_152,CA_2,0.6633559853633038,False
FOODS_1_152,CA_3,1.0355462624150549,False
FOODS_1_152,CA_4,0.3554626241505488,False
FOODS_1_152,TX_1,0.7658128593831678,False
FOODS_1_152,TX_2,0.6612650287506534,False
FOODS_1_152,TX_3,0.7773131207527444,False
FOODS_1_152,WI_1,0.7109252483010977,False
FOODS_1_152,WI_2,0.8384736016727653,False
FOODS_1_152,WI_3,0.9168844746471512,False
FOODS_1_155,CA_1,1.1495033978044955,False
FOODS_1_155,CA_2,0.7438578149503398,False
FOODS_1_155,CA_3,0.7882906429691584,False
FOODS_1_155,CA_4,0.5771040250914794,False
FOODS_1_155,TX_1,0.7903815995818086,False
FOODS_1_155,TX_2,1.277051751176163,False
FOODS_1_155,TX_3,1.264506011500261,False
FOODS_1_155,WI_1,0.9299529534762152,False
FOODS_1_155,WI_2,1.2451646628332462,False
FOODS_1_155,WI_3,0.4809200209095661,False
FOODS_1_166,CA_1,2.1777313120752746,True
FOODS_1_166,CA_2,2.1374803972817564,True
FOODS_1_166,CA_3,2.698379508625196,True
FOODS_1_166,CA_4,1.4255096706743335,False
FOODS_1_166,TX_1,1.2007318348144276,False
FOODS_1_166,TX_2,1.360167276529012,False
FOODS_1_166,TX_3,0.7767903815995818,False
FOODS_1_166,WI_1,2.7762676424464194,True
FOODS_1_166,WI_2,1.950339780449556,True
FOODS_1_166,WI_3,1.371144798745426,False
FOODS_1_174,CA_1,0.9749085206481966,False
FOODS_1_174,CA_2,1.0020909566126504,False
FOODS_1_174,CA_3,1.0141139571353894,False
FOODS_1_174,CA_4,0.4025091479351803,False
FOODS_1_174,TX_1,0.3575535807631991,False
FOODS_1_174,TX_2,0.6048092002090957,False
FOODS_1_174,TX_3,0.4485101934134867,False
FOODS_1_174,WI_1,1.0616832200731834,False
FOODS_1_174,WI_2,0.6952430737062206,False
FOODS_1_174,WI_3,0.6110820700470465,False
FOODS_1_177,CA_1,0.8625196027182436,False
FOODS_1_177,CA_2,0.6706743335075798,False
FOODS_1_177,CA_3,0.7987454260324098,False
FOODS_1_177,CA_4,0.3178254051228437,False
FOODS_1_177,TX_1,0.4302143230527966,False
FOODS_1_177,TX_2,0.7757449032932566,False
FOODS_1_177,TX_3,0.4438055410350235,False
FOODS_1_177,WI_1,0.6685833768949294,False
FOODS_1_177,WI_2,0.8797699947726084,False
FOODS_1_177,WI_3,0.5697856769472034,False
FOODS_1_178,CA_1,0.6419236800836383,False
FOODS_1_178,CA_2,1.9038159958180867,True
FOODS_1_178,CA_3,1.1766858337689492,False
FOODS_1_178,CA_4,0.4108729743857815,False
FOODS_1_178,TX_1,0.3497124934657606,False
FOODS_1_178,TX_2,0.7715629900679561,False
FOODS_1_178,TX_3,0.4966021955044433,False
FOODS_1_178,WI_1,0.5828541557762676,False
FOODS_1_178,WI_2,0.4918975431259801,False
FOODS_1_178,WI_3,0.4202822791427077,False
FOODS_1_179,CA_1,0.2138003136434919,False
FOODS_1_179,CA_2,0.1233664401463669,False
FOODS_1_179,CA_3,0.2801881860951385,False
FOODS_1_179,CA_4,0.0564558285415577,False
FOODS_1_179,TX_1,0.0831155253528489,False
FOODS_1_179,TX_2,0.0935703084161003,False
FOODS_1_179,TX_3,0.0862519602718243,False
FOODS_1_179,WI_1,0.1332984840564558,False
FOODS_1_179,WI_2,0.0648196549921589,False
FOODS_1_179,WI_3,0.0533193936225823,False
FOODS_1_181,CA_1,1.9294302143230528,True
FOODS_1_181,CA_2,1.1369576581285938,False
FOODS_1_181,CA_3,2.164140094093048,True
FOODS_1_181,CA_4,0.8416100365917407,False
FOODS_1_181,TX_1,0.9116570831155254,False
FOODS_1_181,TX_2,1.4720334553058023,False
FOODS_1_181,TX_3,0.9947726084683742,False
FOODS_1_181,WI_1,0.9409304756926292,False
FOODS_1_181,WI_2,0.5771040250914794,False
FOODS_1_181,WI_3,1.0261369576581283,False
FOODS_1_182,CA_1,0.7276529012023001,False
FOODS_1_182,CA_2,0.865656037637219,False
FOODS_1_182,CA_3,1.3413486670151595,False
FOODS_1_182,CA_4,0.4997386304234187,False
FOODS_1_182,TX_1,0.8933612127548354,False
FOODS_1_182,TX_2,1.0705697856769472,False
FOODS_1_182,TX_3,1.0381599581808678,False
FOODS_1_182,WI_1,0.7992681651855724,False
FOODS_1_182,WI_2,1.1197072660742289,False
FOODS_1_182,WI_3,0.8410872974385781,False
FOODS_1_187,CA_1,1.102456874019864,False
FOODS_1_187,CA_2,3.34762153685311,True
FOODS_1_187,CA_3,2.317825405122844,True
FOODS_1_187,CA_4,0.6513329848405646,False
FOODS_1_187,TX_1,0.8243596445373759,False
FOODS_1_187,TX_2,1.01829587036069,False
FOODS_1_187,TX_3,0.9252483010977522,False
FOODS_1_187,WI_1,0.9273392577104024,False
FOODS_1_187,WI_2,1.0130684788290645,False
FOODS_1_187,WI_3,0.7584945112388918,False
FOODS_1_188,CA_1,0.5870360690015682,False
FOODS_1_188,CA_2,0.5070569785676947,False
FOODS_1_188,CA_3,0.6199686356508103,False
FOODS_1_188,CA_4,0.2780972294824882,False
FOODS_1_188,TX_1,0.2974385781495034,False
FOODS_1_188,TX_2,0.2383690538421327,False
FOODS_1_188,TX_3,0.1348667015159435,False
FOODS_1_188,WI_1,0.3350757971772086,False
FOODS_1_188,WI_2,0.1777313120752744,False
FOODS_1_188,WI_3,0.1918452692106639,False
FOODS_1_192,CA_1,0.8923157344485102,False
FOODS_1_192,CA_2,2.149503397804496,True
FOODS_1_192,CA_3,2.095138525875588,True
FOODS_1_192,CA_4,0.6664924202822792,False
FOODS_1_192,TX_1,0.9200209095661264,False
FOODS_1_192,TX_2,0.8201777313120753,False
FOODS_1_192,TX_3,0.4009409304756926,False
FOODS_1_192,WI_1,0.676424464192368,False
FOODS_1_192,WI_2,0.7401986408782018,False
FOODS_1_192,WI_3,0.7501306847882906,False
FOODS_1_196,CA_1,1.2111866178776791,False
FOODS_1_196,CA_2,3.637741766858338,True
FOODS_1_196,CA_3,3.608991113434396,True
FOODS_1_196,CA_4,0.4626241505488761,False
FOODS_1_196,TX_1,1.127025614218505,False
FOODS_1_196,TX_2,1.1421850496602195,False
FOODS_1_196,TX_3,0.6894929430214323,False
FOODS_1_196,WI_1,0.7239937271301621,False
FOODS_1_196,WI_2,1.3915316257187664,False
FOODS_1_196,WI_3,0.9038159958180868,False
FOODS_1_198,CA_1,0.4950339780449556,False
FOODS_1_198,CA_2,1.3685311029796132,False
FOODS_1_198,CA_3,0.8044955567171981,False
FOODS_1_198,CA_4,0.2049137480397281,False
FOODS_1_198,TX_1,0.3094615786722425,False
FOODS_1_198,TX_2,0.1536853110297961,False
FOODS_1_198,TX_3,0.0935703084161003,False
FOODS_1_198,WI_1,0.3256664924202823,False
FOODS_1_198,WI_2,0.2174594877156299,False
FOODS_1_198,WI_3,0.1772085729221118,False
FOODS_1_200,CA_1,2.950862519602718,True
FOODS_1_200,CA_2,2.387349712493466,True
FOODS_1_200,CA_3,2.415054887611082,True
FOODS_1_200,CA_4,0.786199686356508,False
FOODS_1_200,TX_1,1.836382645060115,True
FOODS_1_200,TX_2,2.0188186095138527,True
FOODS_1_200,TX_3,2.389440669106116,True
FOODS_1_200,WI_1,1.498170412963931,False
FOODS_1_200,WI_2,1.0956612650287507,False
FOODS_1_200,WI_3,1.2242550967067434,False
FOODS_1_207,CA_1,1.3246210141139572,False
FOODS_1_207,CA_2,1.059069524307371,False
FOODS_1_207,CA_3,1.026659696811291,False
FOODS_1_207,CA_4,0.9330893883951908,False
FOODS_1_207,TX_1,0.4464192368008364,False
FOODS_1_207,TX_2,0.6393099843178254,False
FOODS_1_207,TX_3,0.3920543648719289,False
FOODS_1_207,WI_1,1.187663355985363,False
FOODS_1_207,WI_2,0.7260846837428123,False
FOODS_1_207,WI_3,0.3706220595922634,False
FOODS_1_215,CA_1,1.1008886565603764,False
FOODS_1_215,CA_2,3.889179299529535,True
FOODS_1_215,CA_3,2.704652378463147,True
FOODS_1_215,CA_4,0.5227391531625719,False
FOODS_1_215,TX_1,0.8018818609513853,False
FOODS_1_215,TX_2,1.0198640878201777,False
FOODS_1_215,TX_3,0.4741244119184526,False
FOODS_1_215,WI_1,0.6225823314166231,False
FOODS_1_215,WI_2,0.5703084161003659,False
FOODS_1_215,WI_3,0.4887611082070047,False
FOODS_2_018,CA_1,0.4532148457919498,False
FOODS_2_018,CA_2,0.255096706743335,False
FOODS_2_018,CA_3,0.661787767903816,False
FOODS_2_018,CA_4,0.2984840564558285,False
FOODS_2_018,TX_1,1.3439623627809725,False
FOODS_2_018,TX_2,1.306325143753267,False
FOODS_2_018,TX_3,1.159958180867747,False
FOODS_2_018,WI_1,1.106116048092002,False
FOODS_2_018,WI_2,2.515420805018296,True
FOODS_2_018,WI_3,1.9320439100888656,True
FOODS_2_024,CA_1,1.4918975431259802,False
FOODS_2_024,CA_2,0.2435964453737585,False
FOODS_2_024,CA_3,2.0899111343439625,True
FOODS_2_024,CA_4,0.7726084683742812,False
FOODS_2_024,TX_1,1.106116048092002,False
FOODS_2_024,TX_2,1.0156821745948772,False
FOODS_2_024,TX_3,1.143230527966545,False
FOODS_2_024,WI_1,0.8128593831677993,False
FOODS_2_024,WI_2,1.1829587036069005,False
FOODS_2_024,WI_3,0.8301097752221641,False
FOODS_2_025,CA_1,0.8003136434918976,False
FOODS_2_025,CA_2,0.4709879769994772,False
FOODS_2_025,CA_3,1.3152117093570308,False
FOODS_2_025,CA_4,0.5007841087297439,False
FOODS_2_025,TX_1,0.3350757971772086,False
FOODS_2_025,TX_2,0.247778358599059,False
FOODS_2_025,TX_3,0.2733925771040251,False
FOODS_2_025,WI_1,0.5248301097752222,False
FOODS_2_025,WI_2,0.5232618923157345,False
FOODS_2_025,WI_3,0.5352848928384736,False
FOODS_2_031,CA_1,0.2864610559330894,False
FOODS_2_031,CA_2,0.1662310507056978,False
FOODS_2_031,CA_3,0.5572399372713016,False
FOODS_2_031,CA_4,0.1615263983272347,False
FOODS_2_031,TX_1,1.582331416623105,True
FOODS_2_031,TX_2,1.7088342916884474,True
FOODS_2_031,TX_3,1.4966021955044433,False
FOODS_2_031,WI_1,1.2347098797699947,False
FOODS_2_031,WI_2,3.755358076319917,True
FOODS_2_031,WI_3,3.781495033978045,True
FOODS_2_036,CA_1,2.560376372190277,True
FOODS_2_036,CA_2,1.040250914793518,False
FOODS_2_036,CA_3,2.1955044432828017,True
FOODS_2_036,CA_4,1.3727130162049137,False
FOODS_2_036,TX_1,1.4479874542603242,False
FOODS_2_036,TX_2,3.148980658651333,True
FOODS_2_036,TX_3,2.2556194458964978,True
FOODS_2_036,WI_1,1.356508102456874,False
FOODS_2_036,WI_2,2.9639309984317825,True
FOODS_2_036,WI_3,2.0177731312075275,True
FOODS_2_039,CA_1,0.2127548353371667,False
FOODS_2_039,CA_2,0.0517511761630946,False
FOODS_2_039,CA_3,0.2838473601672765,False
FOODS_2_039,CA_4,0.2373235755358076,False
FOODS_2_039,TX_1,0.185572399372713,False
FOODS_2_039,TX_2,0.4704652378463146,False
FOODS_2_039,TX_3,0.4333507579717721,False
FOODS_2_039,WI_1,0.2629377940407736,False
FOODS_2_039,WI_2,0.523784631468897,False
FOODS_2_039,WI_3,0.1484579194981704,False
FOODS_2_041,CA_1,0.3873497124934658,False
FOODS_2_041,CA_2,0.1082070047046523,False
FOODS_2_041,CA_3,0.913225300575013,False
FOODS_2_041,CA_4,0.360167276529012,False
FOODS_2_041,TX_1,0.3805541035023523,False
FOODS_2_041,TX_2,0.3188708834291688,False
FOODS_2_041,TX_3,0.4276006272869838,False
FOODS_2_041,WI_1,0.389440669106116,False
FOODS_2_041,WI_2,0.5624673288029274,False
FOODS_2_041,WI_3,0.6236278097229483,False
FOODS_2_042,CA_1,0.8201777313120753,False
FOODS_2_042,CA_2,1.4924202822791428,False
FOODS_2_042,CA_3,1.4558285415577628,False
FOODS_2_042,CA_4,0.5316257187663356,False
FOODS_2_042,TX_1,0.6267642446419237,False
FOODS_2_042,TX_2,0.96340825927862,False
FOODS_2_042,TX_3,0.9038159958180868,False
FOODS_2_042,WI_1,1.200209095661265,False
FOODS_2_042,WI_2,1.738630423418714,True
FOODS_2_042,WI_3,1.1510716152639833,False
FOODS_2_051,CA_1,1.1641400940930475,False
FOODS_2_051,CA_2,0.2158912702561422,False
FOODS_2_051,CA_3,1.6748562467328802,True
FOODS_2_051,CA_4,1.0737062205959227,False
FOODS_2_051,TX_1,0.8964976476738108,False
FOODS_2_051,TX_2,0.9445896497647672,False
FOODS_2_051,TX_3,0.163617354939885,False
FOODS_2_051,WI_1,1.032932566649242,False
FOODS_2_051,WI_2,1.134343962362781,False
FOODS_2_051,WI_3,0.6445373758494511,False
FOODS_2_055,CA_1,0.8008363826450601,False
FOODS_2_055,CA_2,0.2833246210141139,False
FOODS_2_055,CA_3,1.424986931521171,False
FOODS_2_055,CA_4,0.676424464192368,False
FOODS_2_055,TX_1,1.047569262937794,False
FOODS_2_055,TX_2,0.9968635650810246,False
FOODS_2_055,TX_3,0.178254051228437,False
FOODS_2_055,WI_1,0.90852064819655,False
FOODS_2_055,WI_2,1.0005227391531626,False
FOODS_2_055,WI_3,0.8907475169890224,False
FOODS_2_074,CA_1,2.361212754835337,True
FOODS_2_074,CA_2,1.226868792472556,False
FOODS_2_074,CA_3,2.1176163094615785,True
FOODS_2_074,CA_4,1.538421327757449,True
FOODS_2_074,TX_1,0.65446941975954,False
FOODS_2_074,TX_2,0.8374281233664401,False
FOODS_2_074,TX_3,1.181913225300575,False
FOODS_2_074,WI_1,1.5964453737584945,True
FOODS_2_074,WI_2,2.259801359121798,True
FOODS_2_074,WI_3,0.5875588081547308,False
FOODS_2_076,CA_1,0.2718243596445374,False
FOODS_2_076,CA_2,0.3376894929430214,False
FOODS_2_076,CA_3,0.2969158389963408,False
FOODS_2_076,CA_4,0.1772085729221118,False
FOODS_2_076,TX_1,0.1923680083638264,False
FOODS_2_076,TX_2,0.4375326711970727,False
FOODS_2_076,TX_3,0.3857814950339781,False
FOODS_2_076,WI_1,0.2352326189231573,False
FOODS_2_076,WI_2,0.3303711447987454,False
FOODS_2_076,WI_3,0.2603240982749608,False
FOODS_2_081,CA_1,1.6685833768949294,True
FOODS_2_081,CA_2,0.3826450601150026,False
FOODS_2_081,CA_3,2.1385258755880816,True
FOODS_2_081,CA_4,1.007318348144276,False
FOODS_2_081,TX_1,1.622582331416623,True
FOODS_2_081,TX_2,1.2535284892838474,False
FOODS_2_081,TX_3,1.0020909566126504,False
FOODS_2_081,WI_1,1.064819654992159,False
FOODS_2_081,WI_2,0.8457919498170413,False
FOODS_2_081,WI_3,1.360167276529012,False
FOODS_2_083,CA_1,0.8306325143753267,False
FOODS_2_083,CA_2,0.2451646628332462,False
FOODS_2_083,CA_3,1.2571876633559853,False
FOODS_2_083,CA_4,0.3873497124934658,False
FOODS_2_083,TX_1,0.319916361735494,False
FOODS_2_083,TX_2,0.4751698902247778,False
FOODS_2_083,TX_3,0.3246210141139571,False
FOODS_2_083,WI_1,0.7893361212754836,False
FOODS_2_083,WI_2,1.4756926293779404,False
FOODS_2_083,WI_3,1.0397281756403554,False
FOODS_2_084,CA_1,0.1975953998954521,False
FOODS_2_084,CA_2,0.1338212232096184,False
FOODS_2_084,CA_3,0.389440669106116,False
FOODS_2_084,CA_4,0.1364349189754312,False
FOODS_2_084,TX_1,0.233141662310507,False
FOODS_2_084,TX_2,0.1860951385258756,False
FOODS_2_084,TX_3,0.1897543125980136,False
FOODS_2_084,WI_1,0.367485624673288,False
FOODS_2_084,WI_2,0.4051228437009932,False
FOODS_2_084,WI_3,0.3523261892315734,False
FOODS_2_094,CA_1,0.2200731834814427,False
FOODS_2_094,CA_2,0.0810245687401986,False
FOODS_2_094,CA_3,0.3099843178254051,False
FOODS_2_094,CA_4,0.1578672242550967,False
FOODS_2_094,TX_1,0.1604809200209095,False
FOODS_2_094,TX_2,0.196549921589127,False
FOODS_2_094,TX_3,0.2122320961840041,False
FOODS_2_094,WI_1,0.2341871406168322,False
FOODS_2_094,WI_2,0.3031887088342916,False
FOODS_2_094,WI_3,0.0721380031364349,False
FOODS_2_099,CA_1,1.2185049660219551,False
FOODS_2_099,CA_2,0.2702561421850497,False
FOODS_2_099,CA_3,1.2420282279142707,False
FOODS_2_099,CA_4,0.9127025614218504,False
FOODS_2_099,TX_1,1.0214323052796654,False
FOODS_2_099,TX_2,1.1536853110297962,False
FOODS_2_099,TX_3,0.8065865133298484,False
FOODS_2_099,WI_1,1.7600627286983794,True
FOODS_2_099,WI_2,2.3899634082592787,True
FOODS_2_099,WI_3,0.9827496079456352,False
FOODS_2_100,CA_1,0.7318348144276007,False
FOODS_2_100,CA_2,0.1735493988499738,False
FOODS_2_100,CA_3,1.0067956089911134,False
FOODS_2_100,CA_4,0.5718766335598536,False
FOODS_2_100,TX_1,1.0052273915316257,False
FOODS_2_100,TX_2,1.046523784631469,False
FOODS_2_100,TX_3,0.2958703606900156,False
FOODS_2_100,WI_1,1.4730789336121275,False
FOODS_2_100,WI_2,2.430737062205959,True
FOODS_2_100,WI_3,1.276006272869838,False
FOODS_2_104,CA_1,1.106116048092002,False
FOODS_2_104,CA_2,0.1479351803450078,False
FOODS_2_104,CA_3,1.5284892838473605,True
FOODS_2_104,CA_4,0.4025091479351803,False
FOODS_2_104,TX_1,1.7030841610036591,True
FOODS_2_104,TX_2,1.588604286461056,True
FOODS_2_104,TX_3,1.5075797177208572,True
FOODS_2_104,WI_1,0.2394145321484579,False
FOODS_2_104,WI_2,1.2059592263460532,False
FOODS_2_104,WI_3,0.7401986408782018,False
FOODS_2_107,CA_1,1.058546785154208,False
FOODS_2_107,CA_2,0.2347098797699947,False
FOODS_2_107,CA_3,1.2043910088865657,False
FOODS_2_107,CA_4,1.025614218504966,False
FOODS_2_107,TX_1,1.120752744380554,False
FOODS_2_107,TX_2,0.5446941975953999,False
FOODS_2_107,TX_3,0.0355462624150548,False
FOODS_2_107,WI_1,1.248823836905384,False
FOODS_2_107,WI_2,0.5206481965499216,False
FOODS_2_107,WI_3,0.7156299006795609,False
FOODS_2_108,CA_1,0.4129639309984317,False
FOODS_2_108,CA_2,0.1170935703084161,False
FOODS_2_108,CA_3,0.882906429691584,False
FOODS_2_108,CA_4,0.5107161526398327,False
FOODS_2_108,TX_1,0.3502352326189231,False
FOODS_2_108,TX_2,0.4589649764767381,False
FOODS_2_108,TX_3,0.3680083638264506,False
FOODS_2_108,WI_1,0.4411918452692107,False
FOODS_2_108,WI_2,0.7349712493465761,False
FOODS_2_108,WI_3,0.3225300575013068,False
FOODS_2_110,CA_1,0.4547830632514375,False
FOODS_2_110,CA_2,0.3324621014113957,False
FOODS_2_110,CA_3,0.5122843700993205,False
FOODS_2_110,CA_4,0.4422373235755358,False
FOODS_2_110,TX_1,0.2639832723470988,False
FOODS_2_110,TX_2,0.3497124934657606,False
FOODS_2_110,TX_3,0.3298484056455829,False
FOODS_2_110,WI_1,0.2739153162571877,False
FOODS_2_110,WI_2,0.6147412441191845,False
FOODS_2_110,WI_3,0.2205959226346053,False
FOODS_2_111,CA_1,0.2556194458964976,False
FOODS_2_111,CA_2,0.0700470465237846,False
FOODS_2_111,CA_3,0.2838473601672765,False
FOODS_2_111,CA_4,0.1662310507056978,False
FOODS_2_111,TX_1,0.2927339257710402,False
FOODS_2_111,TX_2,0.2535284892838473,False
FOODS_2_111,TX_3,0.233141662310507,False
FOODS_2_111,WI_1,0.3962362780972295,False
FOODS_2_111,WI_2,0.422373235755358,False
FOODS_2_111,WI_3,0.214845791949817,False
FOODS_2_117,CA_1,0.0470465237846314,False
FOODS_2_117,CA_2,0.0151594354417145,False
FOODS_2_117,CA_3,0.069524307370622,False
FOODS_2_117,CA_4,0.0151594354417145,False
FOODS_2_117,TX_1,0.05488761108207,False
FOODS_2_117,TX_2,0.0381599581808677,False
FOODS_2_117,TX_3,0.1003659174072138,False
FOODS_2_117,WI_1,0.4626241505488761,False
FOODS_2_117,WI_2,1.5075797177208572,True
FOODS_2_117,WI_3,0.9006795608991114,False
FOODS_2_118,CA_1,0.3580763199163617,False
FOODS_2_118,CA_2,0.0444328280188186,False
FOODS_2_118,CA_3,0.7966544694197596,False
FOODS_2_118,CA_4,0.4260324098274961,False
FOODS_2_118,TX_1,0.7250392054364871,False
FOODS_2_118,TX_2,0.9210663878724517,False
FOODS_2_118,TX_3,0.196549921589127,False
FOODS_2_118,WI_1,0.3878724516466283,False
FOODS_2_118,WI_2,0.8844746471510716,False
FOODS_2_118,WI_3,0.5776267642446419,False
FOODS_2_129,CA_1,0.1212754835337166,False
FOODS_2_129,CA_2,0.0193413486670151,False
FOODS_2_129,CA_3,0.1134343962362781,False
FOODS_2_129,CA_4,0.076842655514898,False
FOODS_2_129,TX_1,0.0705697856769472,False
FOODS_2_129,TX_2,0.1233664401463669,False
FOODS_2_129,TX_3,0.0569785676947203,False
FOODS_2_129,WI_1,0.138003136434919,False
FOODS_2_129,WI_2,0.2388917929952953,False
FOODS_2_129,WI_3,0.1322530057501307,False
FOODS_2_140,CA_1,0.2122320961840041,False
FOODS_2_140,CA_2,0.1202300052273915,False
FOODS_2_140,CA_3,0.4861474124411918,False
FOODS_2_140,CA_4,0.1076842655514898,False
FOODS_2_140,TX_1,0.3282801881860951,False
FOODS_2_140,TX_2,0.3068478829064296,False
FOODS_2_140,TX_3,0.1008886565603763,False
FOODS_2_140,WI_1,0.1641400940930475,False
FOODS_2_140,WI_2,0.4584422373235755,False
FOODS_2_140,WI_3,0.2127548353371667,False
FOODS_2_154,CA_1,0.2373235755358076,False
FOODS_2_154,CA_2,0.0470465237846314,False
FOODS_2_154,CA_3,0.2707788813382122,False
FOODS_2_154,CA_4,0.1594354417145844,False
FOODS_2_154,TX_1,0.3063251437532671,False
FOODS_2_154,TX_2,0.4542603240982749,False
FOODS_2_154,TX_3,0.4422373235755358,False
FOODS_2_154,WI_1,0.062205959226346,False
FOODS_2_154,WI_2,0.0904338734971249,False
FOODS_2_154,WI_3,0.1437532671197072,False
FOODS_2_156,CA_1,1.5159435441714584,True
FOODS_2_156,CA_2,0.0564558285415577,False
FOODS_2_156,CA_3,1.5159435441714584,True
FOODS_2_156,CA_4,0.9942498693152118,False
FOODS_2_156,TX_1,0.4370099320439101,False
FOODS_2_156,TX_2,0.632514375326712,False
FOODS_2_156,TX_3,0.755880815473079,False
FOODS_2_156,WI_1,1.7543125980135912,True
FOODS_2_156,WI_2,1.432305279665447,False
FOODS_2_156,WI_3,1.7574490329325667,True
FOODS_2_173,CA_1,0.8295870360690015,False
FOODS_2_173,CA_2,0.5039205436487193,False
FOODS_2_173,CA_3,1.3570308416100365,False
FOODS_2_173,CA_4,0.6670151594354418,False
FOODS_2_173,TX_1,0.948771562990068,False
FOODS_2_173,TX_2,1.5572399372713015,True
FOODS_2_173,TX_3,1.200209095661265,False
FOODS_2_173,WI_1,0.8975431259801359,False
FOODS_2_173,WI_2,2.0313643491897544,True
FOODS_2_173,WI_3,1.2984840564558289,False
FOODS_2_179,CA_1,0.2409827496079456,False
FOODS_2_179,CA_2,0.0642969158389963,False
FOODS_2_179,CA_3,0.2310507056978567,False
FOODS_2_179,CA_4,0.1369576581285938,False
FOODS_2_179,TX_1,0.1338212232096184,False
FOODS_2_179,TX_2,0.2174594877156299,False
FOODS_2_179,TX_3,0.2859383167799268,False
FOODS_2_179,WI_1,0.2054364871928907,False
FOODS_2_179,WI_2,0.4772608468374281,False
FOODS_2_179,WI_3,0.2017773131207527,False
FOODS_2_188,CA_1,0.6142185049660219,False
FOODS_2_188,CA_2,0.1066387872451646,False
FOODS_2_188,CA_3,0.6346053319393623,False
FOODS_2_188,CA_4,0.5138525875588081,False
FOODS_2_188,TX_1,0.1312075274438055,False
FOODS_2_188,TX_2,0.2049137480397281,False
FOODS_2_188,TX_3,0.1008886565603763,False
FOODS_2_188,WI_1,0.4830109775222164,False
FOODS_2_188,WI_2,0.4066910611604809,False
FOODS_2_188,WI_3,0.3282801881860951,False
FOODS_2_194,CA_1,2.037114479874542,True
FOODS_2_194,CA_2,0.4009409304756926,False
FOODS_2_194,CA_3,3.1176163094615785,True
FOODS_2_194,CA_4,1.2707788813382122,False
FOODS_2_194,TX_1,1.686356508102457,True
FOODS_2_194,TX_2,2.7469942498693154,True
FOODS_2_194,TX_3,1.7443805541035025,True
FOODS_2_194,WI_1,1.120752744380554,False
FOODS_2_194,WI_2,3.23575535807632,True
FOODS_2_194,WI_3,2.079979090433873,True
FOODS_2_197,CA_1,21.27443805541035,True
FOODS_2_197,CA_2,5.212754835337167,True
FOODS_2_197,CA_3,22.55514898065865,True
FOODS_2_197,CA_4,6.9952953476215365,True
FOODS_2_197,TX_1,4.082592786199687,True
FOODS_2_197,TX_2,5.986931521170936,True
FOODS_2_197,TX_3,6.713016204913748,True
FOODS_2_197,WI_1,2.348144276006273,True
FOODS_2_197,WI_2,4.960271824359644,True
FOODS_2_197,WI_3,4.645582854155776,True
FOODS_2_200,CA_1,0.225823314166231,False
FOODS_2_200,CA_2,0.0386826973340303,False
FOODS_2_200,CA_3,0.3031887088342916,False
FOODS_2_200,CA_4,0.1312075274438055,False
FOODS_2_200,TX_1,0.2817564035546262,False
FOODS_2_200,TX_2,0.2875065342394145,False
FOODS_2_200,TX_3,0.3188708834291688,False
FOODS_2_200,WI_1,0.3883951907997909,False
FOODS_2_200,WI_2,0.8421327757449033,False
FOODS_2_200,WI_3,0.2702561421850497,False
FOODS_2_202,CA_1,0.4720334553058024,False
FOODS_2_202,CA_2,0.1312075274438055,False
FOODS_2_202,CA_3,0.6163094615786723,False
FOODS_2_202,CA_4,0.3047569262937794,False
FOODS_2_202,TX_1,0.3340303188708834,False
FOODS_2_202,TX_2,0.5075797177208573,False
FOODS_2_202,TX_3,0.0491374803972817,False
FOODS_2_202,WI_1,0.3314166231050706,False
FOODS_2_202,WI_2,0.2927339257710402,False
FOODS_2_202,WI_3,0.7025614218504966,False
FOODS_2_209,CA_1,0.040250914793518,False
FOODS_2_209,CA_2,0.0156821745948771,False
FOODS_2_209,CA_3,0.0710925248301097,False
FOODS_2_209,CA_4,0.0151594354417145,False
FOODS_2_209,TX_1,0.0465237846314689,False
FOODS_2_209,TX_2,0.0125457396759017,False
FOODS_2_209,TX_3,0.0930475692629378,False
FOODS_2_209,WI_1,0.4270778881338212,False
FOODS_2_209,WI_2,1.3998954521693674,False
FOODS_2_209,WI_3,0.3690538421327757,False
FOODS_2_216,CA_1,0.6680606377417668,False
FOODS_2_216,CA_2,0.1625718766335598,False
FOODS_2_216,CA_3,1.0125457396759017,False
FOODS_2_216,CA_4,0.5227391531625719,False
FOODS_2_216,TX_1,0.2122320961840041,False
FOODS_2_216,TX_2,0.2509147935180345,False
FOODS_2_216,TX_3,0.1306847882906429,False
FOODS_2_216,WI_1,0.3559853633037114,False
FOODS_2_216,WI_2,0.5446941975953999,False
FOODS_2_216,WI_3,0.4704652378463146,False
FOODS_2_218,CA_1,0.5828541557762676,False
FOODS_2_218,CA_2,0.4678515420805018,False
FOODS_2_218,CA_3,0.9273392577104024,False
FOODS_2_218,CA_4,0.6706743335075798,False
FOODS_2_218,TX_1,0.2205959226346053,False
FOODS_2_218,TX_2,0.1536853110297961,False
FOODS_2_218,TX_3,0.1495033978044955,False
FOODS_2_218,WI_1,0.3868269733403032,False
FOODS_2_218,WI_2,0.3314166231050706,False
FOODS_2_218,WI_3,0.2394145321484579,False
FOODS_2_219,CA_1,0.6487192890747517,False
FOODS_2_219,CA_2,0.1108207004704652,False
FOODS_2_219,CA_3,1.0381599581808678,False
FOODS_2_219,CA_4,0.6163094615786723,False
FOODS_2_219,TX_1,0.2958703606900156,False
FOODS_2_219,TX_2,0.3737584945112389,False
FOODS_2_219,TX_3,0.4014636696288552,False
FOODS_2_219,WI_1,0.6931521170935703,False
FOODS_2_219,WI_2,0.665446941975954,False
FOODS_2_219,WI_3,0.501829587036069,False
FOODS_2_222,CA_1,4.517511761630947,True
FOODS_2_222,CA_2,2.262415054887611,True
FOODS_2_222,CA_3,5.028227914270779,True
FOODS_2_222,CA_4,3.379508625196028,True
FOODS_2_222,TX_1,1.588604286461056,True
FOODS_2_222,TX_2,2.092002090956613,True
FOODS_2_222,TX_3,2.6011500261369576,True
FOODS_2_222,WI_1,4.587558808154731,True
FOODS_2_222,WI_2,5.090956612650287,True
FOODS_2_222,WI_3,1.847360167276529,True
FOODS_2_225,CA_1,1.0920020909566126,False
FOODS_2_225,CA_2,0.174594877156299,False
FOODS_2_225,CA_3,1.933612127548353,True
FOODS_2_225,CA_4,1.080501829587036,False
FOODS_2_225,TX_1,0.4610559330893884,False
FOODS_2_225,TX_2,0.7422895974908521,False
FOODS_2_225,TX_3,0.3470987976999477,False
FOODS_2_225,WI_1,0.854678515420805,False
FOODS_2_225,WI_2,1.3732357553580763,False
FOODS_2_225,WI_3,1.0627286983795086,False
FOODS_2_229,CA_1,0.4730789336121275,False
FOODS_2_229,CA_2,2.0005227391531624,True
FOODS_2_229,CA_3,1.3450078410872974,False
FOODS_2_229,CA_4,0.2833246210141139,False
FOODS_2_229,TX_1,0.9252483010977522,False
FOODS_2_229,TX_2,0.9759539989545216,False
FOODS_2_229,TX_3,0.8154730789336121,False
FOODS_2_229,WI_1,0.4960794563512807,False
FOODS_2_229,WI_2,3.982226868792473,True
FOODS_2_229,WI_3,2.660742289597491,True
FOODS_2_235,CA_1,0.520125457396759,False
FOODS_2_235,CA_2,0.159958180867747,False
FOODS_2_235,CA_3,0.575013068478829,False
FOODS_2_235,CA_4,0.2676424464192368,False
FOODS_2_235,TX_1,0.2498693152117093,False
FOODS_2_235,TX_2,0.2775744903293257,False
FOODS_2_235,TX_3,0.1902770517511761,False
FOODS_2_235,WI_1,0.5744903293256665,False
FOODS_2_235,WI_2,0.6628332462101412,False
FOODS_2_235,WI_3,0.192890747516989,False
FOODS_2_236,CA_1,0.4678515420805018,False
FOODS_2_236,CA_2,0.5896497647673811,False
FOODS_2_236,CA_3,0.6236278097229483,False
FOODS_2_236,CA_4,0.2425509670674333,False
FOODS_2_236,TX_1,3.134866701515944,True
FOODS_2_236,TX_2,2.5159435441714586,True
FOODS_2_236,TX_3,3.334030318870884,True
FOODS_2_236,WI_1,0.893883951907998,False
FOODS_2_236,WI_2,2.2341871406168323,True
FOODS_2_236,WI_3,0.9299529534762152,False
FOODS_2_243,CA_1,0.3073706220595922,False
FOODS_2_243,CA_2,0.058546785154208,False
FOODS_2_243,CA_3,0.2817564035546262,False
FOODS_2_243,CA_4,0.2645060115002614,False
FOODS_2_243,TX_1,0.1395713538944067,False
FOODS_2_243,TX_2,0.2122320961840041,False
FOODS_2_243,TX_3,0.3136434918975431,False
FOODS_2_243,WI_1,0.2577104025091479,False
FOODS_2_243,WI_2,0.2812336644014637,False
FOODS_2_243,WI_3,0.2394145321484579,False
FOODS_2_249,CA_1,0.2780972294824882,False
FOODS_2_249,CA_2,0.2326189231573444,False
FOODS_2_249,CA_3,0.5258755880815473,False
FOODS_2_249,CA_4,0.2430737062205959,False
FOODS_2_249,TX_1,0.4605331939362258,False
FOODS_2_249,TX_2,0.3768949294302143,False
FOODS_2_249,TX_3,0.6795608991113434,False
FOODS_2_249,WI_1,0.2974385781495034,False
FOODS_2_249,WI_2,0.3664401463669628,False
FOODS_2_249,WI_3,0.1160480920020909,False
FOODS_2_257,CA_1,1.3993727130162048,False
FOODS_2_257,CA_2,0.2080501829587036,False
FOODS_2_257,CA_3,1.886565603763722,True
FOODS_2_257,CA_4,0.3920543648719289,False
FOODS_2_257,TX_1,0.6915838996340826,False
FOODS_2_257,TX_2,0.6001045478306325,False
FOODS_2_257,TX_3,0.7104025091479352,False
FOODS_2_257,WI_1,2.412963930998432,True
FOODS_2_257,WI_2,3.2958703606900155,True
FOODS_2_257,WI_3,3.888656560376372,True
FOODS_2_264,CA_1,0.6006272869837951,False
FOODS_2_264,CA_2,0.1374803972817564,False
FOODS_2_264,CA_3,0.6628332462101412,False
FOODS_2_264,CA_4,0.8531102979613173,False
FOODS_2_264,TX_1,0.2268687924725562,False
FOODS_2_264,TX_2,0.2885520125457397,False
FOODS_2_264,TX_3,0.2509147935180345,False
FOODS_2_264,WI_1,0.4715107161526398,False
FOODS_2_264,WI_2,0.2869837950862519,False
FOODS_2_264,WI_3,0.3648719289074751,False
FOODS_2_265,CA_1,0.3899634082592786,False
FOODS_2_265,CA_2,0.1500261369576581,False
FOODS_2_265,CA_3,0.3575535807631991,False
FOODS_2_265,CA_4,0.3267119707266074,False
FOODS_2_265,TX_1,0.07318348144276,False
FOODS_2_265,TX_2,0.1515943544171458,False
FOODS_2_265,TX_3,0.080501829587036,False
FOODS_2_265,WI_1,0.106116048092002,False
FOODS_2_265,WI_2,0.3240982749607946,False
FOODS_2_265,WI_3,0.1312075274438055,False
FOODS_2_271,CA_1,0.1871406168322007,False
FOODS_2_271,CA_2,0.0575013068478829,False
FOODS_2_271,CA_3,0.1944589649764767,False
FOODS_2_271,CA_4,0.1259801359121798,False
FOODS_2_271,TX_1,0.0642969158389963,False
FOODS_2_271,TX_2,0.0569785676947203,False
FOODS_2_271,TX_3,0.0480920020909566,False
FOODS_2_271,WI_1,0.1949817041296393,False
FOODS_2_271,WI_2,0.0674333507579717,False
FOODS_2_271,WI_3,0.0606377417668583,False
FOODS_2_272,CA_1,0.4312598013591218,False
FOODS_2_272,CA_2,0.1589127025614218,False
FOODS_2_272,CA_3,0.7292211186617877,False
FOODS_2_272,CA_4,0.3288029273392577,False
FOODS_2_272,TX_1,0.4422373235755358,False
FOODS_2_272,TX_2,0.8050182958703607,False
FOODS_2_272,TX_3,0.3031887088342916,False
FOODS_2_272,WI_1,1.85363303711448,True
FOODS_2_272,WI_2,3.726084683742812,True
FOODS_2_272,WI_3,1.7124934657605857,True
FOODS_2_281,CA_1,0.240460010454783,False
FOODS_2_281,CA_2,0.025614218504966,False
FOODS_2_281,CA_3,0.2561421850496602,False
FOODS_2_281,CA_4,0.3131207527443805,False
FOODS_2_281,TX_1,0.102456874019864,False
FOODS_2_281,TX_2,0.1824359644537375,False
FOODS_2_281,TX_3,0.2085729221118661,False
FOODS_2_281,WI_1,0.1677992681651855,False
FOODS_2_281,WI_2,0.1536853110297961,False
FOODS_2_281,WI_3,0.1871406168322007,False
FOODS_2_292,CA_1,0.1395713538944067,False
FOODS_2_292,CA_2,0.080501829587036,False
FOODS_2_292,CA_3,0.3716675378985886,False
FOODS_2_292,CA_4,0.1238891792995295,False
FOODS_2_292,TX_1,0.872974385781495,False
FOODS_2_292,TX_2,0.4009409304756926,False
FOODS_2_292,TX_3,0.3476215368531103,False
FOODS_2_292,WI_1,0.0486147412441191,False
FOODS_2_292,WI_2,0.0972294824882383,False
FOODS_2_292,WI_3,0.2739153162571877,False
FOODS_2_293,CA_1,4.556717198118139,True
FOODS_2_293,CA_2,0.5441714584422374,False
FOODS_2_293,CA_3,6.790904338734971,True
FOODS_2_293,CA_4,3.697334030318871,True
FOODS_2_293,TX_1,1.3251437532671198,False
FOODS_2_293,TX_2,2.150026136957658,True
FOODS_2_293,TX_3,1.955567171981181,True
FOODS_2_293,WI_1,1.4161003659174072,False
FOODS_2_293,WI_2,3.1087297438578148,True
FOODS_2_293,WI_3,2.406691061160481,True
FOODS_2_297,CA_1,0.7767903815995818,False
FOODS_2_297,CA_2,0.1275483533716675,False
FOODS_2_297,CA_3,0.9984317825405122,False
FOODS_2_297,CA_4,0.5081024568740199,False
FOODS_2_297,TX_1,0.7098797699947726,False
FOODS_2_297,TX_2,1.4171458442237324,False
FOODS_2_297,TX_3,0.9973863042341872,False
FOODS_2_297,WI_1,1.18086774699425,False
FOODS_2_297,WI_2,3.038159958180868,True
FOODS_2_297,WI_3,2.2530057501306846,True
FOODS_2_313,CA_1,0.1474124411918452,False
FOODS_2_313,CA_2,0.047569262937794,False
FOODS_2_313,CA_3,0.1850496602195504,False
FOODS_2_313,CA_4,0.1364349189754312,False
FOODS_2_313,TX_1,0.2456874019864088,False
FOODS_2_313,TX_2,0.3230527966544694,False
FOODS_2_313,TX_3,0.338212232096184,False
FOODS_2_313,WI_1,0.069524307370622,False
FOODS_2_313,WI_2,0.2430737062205959,False
FOODS_2_313,WI_3,0.1102979613173026,False
FOODS_2_314,CA_1,0.4673288029273392,False
FOODS_2_314,CA_2,0.159958180867747,False
FOODS_2_314,CA_3,0.5980135912179823,False
FOODS_2_314,CA_4,0.2895974908520648,False
FOODS_2_314,TX_1,0.2765290120230005,False
FOODS_2_314,TX_2,0.4066910611604809,False
FOODS_2_314,TX_3,0.4966021955044433,False
FOODS_2_314,WI_1,0.5269210663878725,False
FOODS_2_314,WI_2,0.7841087297438578,False
FOODS_2_314,WI_3,0.422373235755358,False
FOODS_2_318,CA_1,1.2211186617877678,False
FOODS_2_318,CA_2,0.3042341871406168,False
FOODS_2_318,CA_3,4.284370099320439,True
FOODS_2_318,CA_4,1.3863042341871403,False
FOODS_2_318,TX_1,0.8640878201777313,False
FOODS_2_318,TX_2,1.6816518557239937,True
FOODS_2_318,TX_3,1.6701515943544172,True
FOODS_2_318,WI_1,1.6900156821745949,True
FOODS_2_318,WI_2,1.495556717198118,False
FOODS_2_318,WI_3,1.4448510193413486,False
FOODS_2_321,CA_1,1.2456874019864088,False
FOODS_2_321,CA_2,0.2833246210141139,False
FOODS_2_321,CA_3,1.6147412441191846,True
FOODS_2_321,CA_4,0.8060637741766858,False
FOODS_2_321,TX_1,0.494511238891793,False
FOODS_2_321,TX_2,0.7119707266074229,False
FOODS_2_321,TX_3,0.8358599059069525,False
FOODS_2_321,WI_1,0.5258755880815473,False
FOODS_2_321,WI_2,0.4093047569262937,False
FOODS_2_321,WI_3,0.5441714584422374,False
FOODS_2_330,CA_1,0.7647673810768426,False
FOODS_2_330,CA_2,0.4035546262415055,False
FOODS_2_330,CA_3,0.9032932566649242,False
FOODS_2_330,CA_4,0.374803972817564,False
FOODS_2_330,TX_1,0.3680083638264506,False
FOODS_2_330,TX_2,0.8562467328802927,False
FOODS_2_330,TX_3,0.5441714584422374,False
FOODS_2_330,WI_1,0.9006795608991114,False
FOODS_2_330,WI_2,0.829064296915839,False
FOODS_2_330,WI_3,0.8322007318348145,False
FOODS_2_340,CA_1,0.8191322530057501,False
FOODS_2_340,CA_2,0.3758494511238892,False
FOODS_2_340,CA_3,1.5645582854155775,True
FOODS_2_340,CA_4,0.8698379508625196,False
FOODS_2_340,TX_1,0.3706220595922634,False
FOODS_2_340,TX_2,0.5572399372713016,False
FOODS_2_340,TX_3,0.4851019341348667,False
FOODS_2_340,WI_1,0.4631468897020386,False
FOODS_2_340,WI_2,0.8588604286461056,False
FOODS_2_340,WI_3,0.6220595922634605,False
FOODS_2_341,CA_1,0.2017773131207527,False
FOODS_2_341,CA_2,0.03659174072138,False
FOODS_2_341,CA_3,0.2279142707788813,False
FOODS_2_341,CA_4,0.1442760062728698,False
FOODS_2_341,TX_1,0.1432305279665447,False
FOODS_2_341,TX_2,0.1144798745426032,False
FOODS_2_341,TX_3,0.0721380031364349,False
FOODS_2_341,WI_1,0.2718243596445374,False
FOODS_2_341,WI_2,0.0961840041819132,False
FOODS_2_341,WI_3,0.106116048092002,False
FOODS_2_343,CA_1,0.2916884474647151,False
FOODS_2_343,CA_2,0.1374803972817564,False
FOODS_2_343,CA_3,0.494511238891793,False
FOODS_2_343,CA_4,0.6304234187140617,False
FOODS_2_343,TX_1,0.2535284892838473,False
FOODS_2_343,TX_2,0.2049137480397281,False
FOODS_2_343,TX_3,0.1913225300575013,False
FOODS_2_343,WI_1,0.5969681129116571,False
FOODS_2_343,WI_2,0.4966021955044433,False
FOODS_2_343,WI_3,0.3800313643491897,False
FOODS_2_350,CA_1,0.2812336644014637,False
FOODS_2_350,CA_2,0.0799790904338735,False
FOODS_2_350,CA_3,0.4547830632514375,False
FOODS_2_350,CA_4,0.1913225300575013,False
FOODS_2_350,TX_1,0.1385258755880815,False
FOODS_2_350,TX_2,0.1866178776790381,False
FOODS_2_350,TX_3,0.1949817041296393,False
FOODS_2_350,WI_1,0.1934134866701516,False
FOODS_2_350,WI_2,0.4521693674856247,False
FOODS_2_350,WI_3,0.1453214845791949,False
FOODS_2_351,CA_1,0.775222164140094,False
FOODS_2_351,CA_2,0.3883951907997909,False
FOODS_2_351,CA_3,1.799790904338735,True
FOODS_2_351,CA_4,0.687401986408782,False
FOODS_2_351,TX_1,0.8076319916361735,False
FOODS_2_351,TX_2,1.170935703084161,False
FOODS_2_351,TX_3,1.0428646105593309,False
FOODS_2_351,WI_1,0.4427600627286984,False
FOODS_2_351,WI_2,0.8599059069524307,False
FOODS_2_351,WI_3,0.8426555148980659,False
FOODS_2_353,CA_1,1.273392577104025,False
FOODS_2_353,CA_2,0.1076842655514898,False
FOODS_2_353,CA_3,1.143230527966545,False
FOODS_2_353,CA_4,0.643491897543126,False
FOODS_2_353,TX_1,0.3518034500784108,False
FOODS_2_353,TX_2,0.356508102456874,False
FOODS_2_353,TX_3,0.3978044955567172,False
FOODS_2_353,WI_1,0.7548353371667538,False
FOODS_2_353,WI_2,0.4035546262415055,False
FOODS_2_353,WI_3,0.5426032409827496,False
FOODS_2_354,CA_1,0.09147935180345,False
FOODS_2_354,CA_2,0.080501829587036,False
FOODS_2_354,CA_3,0.2807109252483011,False
FOODS_2_354,CA_4,0.1150026136957658,False
FOODS_2_354,TX_1,0.1751176163094615,False
FOODS_2_354,TX_2,0.1495033978044955,False
FOODS_2_354,TX_3,0.4458964976476738,False
FOODS_2_354,WI_1,0.0794563512807109,False
FOODS_2_354,WI_2,0.5185572399372713,False
FOODS_2_354,WI_3,0.1677992681651855,False
FOODS_2_358,CA_1,0.5044432828018819,False
FOODS_2_358,CA_2,0.5687401986408782,False
FOODS_2_358,CA_3,0.5331939362258233,False
FOODS_2_358,CA_4,0.4270778881338212,False
FOODS_2_358,TX_1,0.3157344485101934,False
FOODS_2_358,TX_2,0.5331939362258233,False
FOODS_2_358,TX_3,0.415054887611082,False
FOODS_2_358,WI_1,0.548353371667538,False
FOODS_2_358,WI_2,0.5326711970726608,False
FOODS_2_358,WI_3,0.378463146889702,False
FOODS_2_367,CA_1,0.7469942498693152,False
FOODS_2_367,CA_2,0.1458442237323575,False
FOODS_2_367,CA_3,0.8661787767903816,False
FOODS_2_367,CA_4,0.5138525875588081,False
FOODS_2_367,TX_1,0.3298484056455829,False
FOODS_2_367,TX_2,0.7271301620491375,False
FOODS_2_367,TX_3,0.5938316779926817,False
FOODS_2_367,WI_1,0.7171981181390487,False
FOODS_2_367,WI_2,0.7835859905906952,False
FOODS_2_367,WI_3,0.5243073706220596,False
FOODS_2_380,CA_1,2.065342394145321,True
FOODS_2_380,CA_2,2.786199686356508,True
FOODS_2_380,CA_3,5.013068478829064,True
FOODS_2_380,CA_4,1.8876110820700471,True
FOODS_2_380,TX_1,2.6340825927861995,True
FOODS_2_380,TX_2,2.2556194458964978,True
FOODS_2_380,TX_3,3.36382645060115,True
FOODS_2_380,WI_1,2.9702038682697336,True
FOODS_2_380,WI_2,3.807631991636173,True
FOODS_2_380,WI_3,3.641923680083638,True
FOODS_2_385,CA_1,0.7966544694197596,False
FOODS_2_385,CA_2,0.2671197072660742,False
FOODS_2_385,CA_3,1.5065342394145322,True
FOODS_2_385,CA_4,0.5363303711447988,False
FOODS_2_385,TX_1,1.4140094093047568,False
FOODS_2_385,TX_2,0.9754312598013593,False
FOODS_2_385,TX_3,0.948771562990068,False
FOODS_2_385,WI_1,1.086774699424987,False
FOODS_2_385,WI_2,1.0930475692629378,False
FOODS_2_385,WI_3,1.010977522216414,False
FOODS_2_387,CA_1,0.1902770517511761,False
FOODS_2_387,CA_2,0.1573444851019341,False
FOODS_2_387,CA_3,0.443282801881861,False
FOODS_2_387,CA_4,0.1285938316779926,False
FOODS_2_387,TX_1,0.095138525875588,False
FOODS_2_387,TX_2,0.1008886565603763,False
FOODS_2_387,TX_3,0.0726607422895974,False
FOODS_2_387,WI_1,0.0998431782540512,False
FOODS_2_387,WI_2,0.1756403554626241,False
FOODS_2_387,WI_3,0.1244119184526921,False
FOODS_2_388,CA_1,1.9508625196027185,True
FOODS_2_388,CA_2,0.6006272869837951,False
FOODS_2_388,CA_3,3.34343962362781,True
FOODS_2_388,CA_4,1.6921066387872452,True
FOODS_2_388,TX_1,1.3131207527443804,False
FOODS_2_388,TX_2,2.3261892315734447,True
FOODS_2_388,TX_3,2.078410872974386,True
FOODS_2_388,WI_1,0.4814427600627287,False
FOODS_2_388,WI_2,1.1510716152639833,False
FOODS_2_388,WI_3,1.1547307893361212,False
FOODS_2_391,CA_1,1.4526921066387872,False
FOODS_2_391,CA_2,2.6586513329848405,True
FOODS_2_391,CA_3,1.895974908520648,True
FOODS_2_391,CA_4,1.411395713538944,False
FOODS_2_391,TX_1,0.8750653423941454,False
FOODS_2_391,TX_2,1.067433350757972,False
FOODS_2_391,TX_3,1.0684788290642968,False
FOODS_2_391,WI_1,1.9492943021432303,True
FOODS_2_391,WI_2,1.6565603763721903,True
FOODS_2_391,WI_3,0.9116570831155254,False
FOODS_2_396,CA_1,1.7004704652378464,True
FOODS_2_396,CA_2,0.3612127548353371,False
FOODS_2_396,CA_3,1.7292211186617878,True
FOODS_2_396,CA_4,1.4913748039728176,False
FOODS_2_396,TX_1,0.6811291165708312,False
FOODS_2_396,TX_2,0.6021955044432828,False
FOODS_2_396,TX_3,0.6424464192368008,False
FOODS_2_396,WI_1,0.8008363826450601,False
FOODS_2_396,WI_2,0.5771040250914794,False
FOODS_2_396,WI_3,0.6053319393622583,False
FOODS_2_398,CA_1,0.6429691583899634,False
FOODS_2_398,CA_2,0.1468897020386827,False
FOODS_2_398,CA_3,1.1244119184526922,False
FOODS_2_398,CA_4,0.0590695243073706,False
FOODS_2_398,TX_1,0.6319916361735494,False
FOODS_2_398,TX_2,1.0569785676947203,False
FOODS_2_398,TX_3,0.2958703606900156,False
FOODS_2_398,WI_1,4.404077365394668,True
FOODS_2_398,WI_2,9.62205959226346,True
FOODS_2_398,WI_3,5.036069001568217,True
FOODS_3_008,CA_1,1.214845791949817,False
FOODS_3_008,CA_2,2.4046001045478307,True
FOODS_3_008,CA_3,2.4709879769994774,True
FOODS_3_008,CA_4,1.3329848405645583,False
FOODS_3_008,TX_1,1.5541035023523262,True
FOODS_3_008,TX_2,1.1322530057501308,False
FOODS_3_008,TX_3,1.25405122843701,False
FOODS_3_008,WI_1,1.2509147935180345,False
FOODS_3_008,WI_2,1.2054364871928906,False
FOODS_3_008,WI_3,0.7820177731312076,False
FOODS_3_024,CA_1,1.933612127548353,True
FOODS_3_024,CA_2,0.3941453214845792,False
FOODS_3_024,CA_3,1.8489283847360167,True
FOODS_3_024,CA_4,0.4730789336121275,False
FOODS_3_024,TX_1,0.6278097229482488,False
FOODS_3_024,TX_2,0.5373758494511239,False
FOODS_3_024,TX_3,2.0705697856769474,True
FOODS_3_024,WI_1,1.3240982749607946,False
FOODS_3_024,WI_2,1.3476215368531104,False
FOODS_3_024,WI_3,1.0078410872974386,False
FOODS_3_029,CA_1,1.2289597490852064,False
FOODS_3_029,CA_2,1.194981704129639,False
FOODS_3_029,CA_3,1.742289597490852,True
FOODS_3_029,CA_4,0.5405122843700993,False
FOODS_3_029,TX_1,1.0946157867224255,False
FOODS_3_029,TX_2,1.8504966021955045,True
FOODS_3_029,TX_3,1.511761630946158,True
FOODS_3_029,WI_1,1.2822791427077889,False
FOODS_3_029,WI_2,0.9074751698902248,False
FOODS_3_029,WI_3,1.404077365394668,False
FOODS_3_037,CA_1,4.102456874019864,True
FOODS_3_037,CA_2,1.9566126502875063,True
FOODS_3_037,CA_3,4.250914793518034,True
FOODS_3_037,CA_4,2.2718243596445373,True
FOODS_3_037,TX_1,0.9681129116570832,False
FOODS_3_037,TX_2,1.095138525875588,False
FOODS_3_037,TX_3,0.7537898588604286,False
FOODS_3_037,WI_1,1.882906429691584,True
FOODS_3_037,WI_2,1.7025614218504963,True
FOODS_3_037,WI_3,0.8870883429168844,False
FOODS_3_038,CA_1,0.1536853110297961,False
FOODS_3_038,CA_2,0.1369576581285938,False
FOODS_3_038,CA_3,0.1521170935703084,False
FOODS_3_038,CA_4,0.2284370099320439,False
FOODS_3_038,TX_1,0.0517511761630946,False
FOODS_3_038,TX_2,0.0747516989022477,False
FOODS_3_038,TX_3,0.0616832200731834,False
FOODS_3_038,WI_1,0.2843700993204391,False
FOODS_3_038,WI_2,0.0846837428123366,False
FOODS_3_038,WI_3,0.051228437009932,False
FOODS_3_058,CA_1,0.7151071615263983,False
FOODS_3_058,CA_2,0.5906952430737062,False
FOODS_3_058,CA_3,0.9675901725039204,False
FOODS_3_058,CA_4,0.41871406168322,False
FOODS_3_058,TX_1,0.4140094093047569,False
FOODS_3_058,TX_2,0.6649242028227914,False
FOODS_3_058,TX_3,0.6989022477783586,False
FOODS_3_058,WI_1,0.4124411918452692,False
FOODS_3_058,WI_2,0.4631468897020386,False
FOODS_3_058,WI_3,0.2739153162571877,False
FOODS_3_066,CA_1,2.196549921589127,True
FOODS_3_066,CA_2,1.8405645582854155,True
FOODS_3_066,CA_3,3.0125457396759017,True
FOODS_3_066,CA_4,1.2498693152117093,False
FOODS_3_066,TX_1,0.6126502875065343,False
FOODS_3_066,TX_2,1.1390486147412442,False
FOODS_3_066,TX_3,0.9837950862519604,False
FOODS_3_066,WI_1,1.4218504966021954,False
FOODS_3_066,WI_2,1.665446941975954,True
FOODS_3_066,WI_3,1.2127548353371669,False
FOODS_3_068,CA_1,0.6612650287506534,False
FOODS_3_068,CA_2,0.4819654992158912,False
FOODS_3_068,CA_3,0.7140616832200731,False
FOODS_3_068,CA_4,0.3293256664924203,False
FOODS_3_068,TX_1,0.1714584422373235,False
FOODS_3_068,TX_2,0.1955044432828019,False
FOODS_3_068,TX_3,0.1348667015159435,False
FOODS_3_068,WI_1,0.4688970203868269,False
FOODS_3_068,WI_2,0.5190799790904339,False
FOODS_3_068,WI_3,0.4621014113957135,False
FOODS_3_070,CA_1,2.7328802927339257,True
FOODS_3_070,CA_2,2.0663878724516467,True
FOODS_3_070,CA_3,7.469942498693152,True
FOODS_3_070,CA_4,1.07318348144276,False
FOODS_3_070,TX_1,4.879769994772609,True
FOODS_3_070,TX_2,4.27443805541035,True
FOODS_3_070,TX_3,2.725039205436487,True
FOODS_3_070,WI_1,2.769472033455306,True
FOODS_3_070,WI_2,14.411918452692106,True
FOODS_3_070,WI_3,6.971772085729221,True
FOODS_3_079,CA_1,3.8233141662310506,True
FOODS_3_079,CA_2,1.174594877156299,False
FOODS_3_079,CA_3,3.6612650287506536,True
FOODS_3_079,CA_4,1.7867224255096708,True
FOODS_3_079,TX_1,2.50392054364872,True
FOODS_3_079,TX_2,4.862519602718244,True
FOODS_3_079,TX_3,2.6748562467328805,True
FOODS_3_079,WI_1,1.695765812859383,True
FOODS_3_079,WI_2,1.736539466806064,True
FOODS_3_079,WI_3,2.0261369576581285,True
FOODS_3_083,CA_1,1.277051751176163,False
FOODS_3_083,CA_2,0.7370622059592263,False
FOODS_3_083,CA_3,2.318870883429169,True
FOODS_3_083,CA_4,0.8353371667537899,False
FOODS_3_083,TX_1,1.0569785676947203,False
FOODS_3_083,TX_2,1.3099843178254051,False
FOODS_3_083,TX_3,0.7151071615263983,False
FOODS_3_083,WI_1,0.7731312075274438,False
FOODS_3_083,WI_2,1.2791427077888131,False
FOODS_3_083,WI_3,1.7177208572922111,True
FOODS_3_093,CA_1,0.7992681651855724,False
FOODS_3_093,CA_2,0.1829587036069001,False
FOODS_3_093,CA_3,3.317302665969681,True
FOODS_3_093,CA_4,0.3282801881860951,False
FOODS_3_093,TX_1,7.076319916361736,True
FOODS_3_093,TX_2,4.371667537898588,True
FOODS_3_093,TX_3,1.972294824882384,True
FOODS_3_093,WI_1,0.2671197072660742,False
FOODS_3_093,WI_2,1.8897020386826973,True
FOODS_3_093,WI_3,2.6450601150026136,True
FOODS_3_115,CA_1,1.8259278619968635,True
FOODS_3_115,CA_2,1.4751698902247778,False
FOODS_3_115,CA_3,2.9294302143230526,True
FOODS_3_115,CA_4,1.4694197595399896,False
FOODS_3_115,TX_1,1.1751176163094617,False
FOODS_3_115,TX_2,2.0350235232618923,True
FOODS_3_115,TX_3,1.7109252483010975,True
FOODS_3_115,WI_1,1.2164140094093048,False
FOODS_3_115,WI_2,0.6664924202822792,False
FOODS_3_115,WI_3,0.8389963408259279,False
FOODS_3_117,CA_1,1.2059592263460532,False
FOODS_3_117,CA_2,2.1970726607422897,True
FOODS_3_117,CA_3,2.9440669106116046,True
FOODS_3_117,CA_4,0.4391008886565604,False
FOODS_3_117,TX_1,6.5049660219550445,True
FOODS_3_117,TX_2,8.01829587036069,True
FOODS_3_117,TX_3,2.86983795086252,True
FOODS_3_117,WI_1,0.7506534239414532,False
FOODS_3_117,WI_2,4.384736016727653,True
FOODS_3_117,WI_3,4.637741766858338,True
FOODS_3_124,CA_1,5.624150548876111,True
FOODS_3_124,CA_2,3.207004704652378,True
FOODS_3_124,CA_3,7.097229482488238,True
FOODS_3_124,CA_4,3.265028750653424,True
FOODS_3_124,TX_1,2.602718243596445,True
FOODS_3_124,TX_2,3.980135912179822,True
FOODS_3_124,TX_3,3.407736539466806,True
FOODS_3_124,WI_1,1.9022477783585992,True
FOODS_3_124,WI_2,1.7867224255096708,True
FOODS_3_124,WI_3,3.225823314166231,True
FOODS_3_129,CA_1,0.7098797699947726,False
FOODS_3_129,CA_2,0.7114479874542603,False
FOODS_3_129,CA_3,1.1390486147412442,False
FOODS_3_129,CA_4,0.5446941975953999,False
FOODS_3_129,TX_1,0.4506011500261369,False
FOODS_3_129,TX_2,0.6565603763721902,False
FOODS_3_129,TX_3,0.38212232096184,False
FOODS_3_129,WI_1,0.4490329325666492,False
FOODS_3_129,WI_2,0.531102979613173,False
FOODS_3_129,WI_3,0.7543125980135912,False
FOODS_3_132,CA_1,2.1411395713538943,True
FOODS_3_132,CA_2,1.742289597490852,True
FOODS_3_132,CA_3,3.0710925248301097,True
FOODS_3_132,CA_4,1.3413486670151595,False
FOODS_3_132,TX_1,1.4845791949817042,False
FOODS_3_132,TX_2,2.50810245687402,True
FOODS_3_132,TX_3,2.7098797699947728,True
FOODS_3_132,WI_1,1.5216936748562466,True
FOODS_3_132,WI_2,3.5352848928384737,True
FOODS_3_132,WI_3,2.479874542603241,True
FOODS_3_144,CA_1,1.3962362780972295,False
FOODS_3_144,CA_2,1.505488761108207,True
FOODS_3_144,CA_3,3.383167799268165,True
FOODS_3_144,CA_4,2.705175117616309,True
FOODS_3_144,TX_1,1.4772608468374282,False
FOODS_3_144,TX_2,2.1704129639309984,True
FOODS_3_144,TX_3,2.1766858337689494,True
FOODS_3_144,WI_1,1.0135912179822268,False
FOODS_3_144,WI_2,1.8348144276006275,True
FOODS_3_144,WI_3,2.339257710402509,True
FOODS_3_147,CA_1,0.4573967590172504,False
FOODS_3_147,CA_2,0.2315734448510193,False
FOODS_3_147,CA_3,0.3972817564035546,False
FOODS_3_147,CA_4,0.2707788813382122,False
FOODS_3_147,TX_1,0.2462101411395713,False
FOODS_3_147,TX_2,0.3016204913748039,False
FOODS_3_147,TX_3,0.3695765812859383,False
FOODS_3_147,WI_1,0.7145844223732357,False
FOODS_3_147,WI_2,0.913225300575013,False
FOODS_3_147,WI_3,0.4741244119184526,False
FOODS_3_153,CA_1,0.4485101934134867,False
FOODS_3_153,CA_2,0.5692629377940408,False
FOODS_3_153,CA_3,1.1578672242550967,False
FOODS_3_153,CA_4,0.3549398849973863,False
FOODS_3_153,TX_1,0.3570308416100365,False
FOODS_3_153,TX_2,0.632514375326712,False
FOODS_3_153,TX_3,0.6795608991113434,False
FOODS_3_153,WI_1,0.4704652378463146,False
FOODS_3_153,WI_2,0.4087820177731312,False
FOODS_3_153,WI_3,0.6377417668583377,False
FOODS_3_160,CA_1,1.212232096184004,False
FOODS_3_160,CA_2,0.5478306325143754,False
FOODS_3_160,CA_3,1.1756403554626242,False
FOODS_3_160,CA_4,0.8426555148980659,False
FOODS_3_160,TX_1,0.4746471510716152,False
FOODS_3_160,TX_2,0.7809722948248824,False
FOODS_3_160,TX_3,0.374803972817564,False
FOODS_3_160,WI_1,0.5880815473078934,False
FOODS_3_160,WI_2,0.323575535807632,False
FOODS_3_160,WI_3,0.4422373235755358,False
FOODS_3_177,CA_1,0.893883951907998,False
FOODS_3_177,CA_2,1.63617354939885,True
FOODS_3_177,CA_3,4.609513852587559,True
FOODS_3_177,CA_4,0.6105593308938839,False
FOODS_3_177,TX_1,0.4547830632514375,False
FOODS_3_177,TX_2,0.378463146889702,False
FOODS_3_177,TX_3,0.3047569262937794,False
FOODS_3_177,WI_1,0.1740721380031364,False
FOODS_3_177,WI_2,0.3434396236278097,False
FOODS_3_177,WI_3,0.2822791427077888,False
FOODS_3_178,CA_1,1.032932566649242,False
FOODS_3_178,CA_2,0.2451646628332462,False
FOODS_3_178,CA_3,2.014636696288552,True
FOODS_3_178,CA_4,1.214845791949817,False
FOODS_3_178,TX_1,3.4228959749085206,True
FOODS_3_178,TX_2,5.498693152117093,True
FOODS_3_178,TX_3,2.9111343439623627,True
FOODS_3_178,WI_1,0.8154730789336121,False
FOODS_3_178,WI_2,1.025614218504966,False
FOODS_3_178,WI_3,2.774176685833769,True
FOODS_3_182,CA_1,1.40041819132253,False
FOODS_3_182,CA_2,0.8452692106638787,False
FOODS_3_182,CA_3,1.4641923680083635,False
FOODS_3_182,CA_4,0.494511238891793,False
FOODS_3_182,TX_1,0.5546262415054888,False
FOODS_3_182,TX_2,0.818086774699425,False
FOODS_3_182,TX_3,0.6497647673810768,False
FOODS_3_182,WI_1,0.6863565081024569,False
FOODS_3_182,WI_2,0.7130162049137481,False
FOODS_3_182,WI_3,1.411395713538944,False
FOODS_3_189,CA_1,0.7511761630946158,False
FOODS_3_189,CA_2,0.4495556717198118,False
FOODS_3_189,CA_3,0.8525875588081547,False
FOODS_3_189,CA_4,0.3251437532671197,False
FOODS_3_189,TX_1,0.5258755880815473,False
FOODS_3_189,TX_2,0.5917407213800313,False
FOODS_3_189,TX_3,0.3099843178254051,False
FOODS_3_189,WI_1,0.2498693152117093,False
FOODS_3_189,WI_2,0.4093047569262937,False
FOODS_3_189,WI_3,0.2383690538421327,False
FOODS_3_193,CA_1,0.6016727652901203,False
FOODS_3_193,CA_2,0.1432305279665447,False
FOODS_3_193,CA_3,0.5927861996863565,False
FOODS_3_193,CA_4,0.4213277574490329,False
FOODS_3_193,TX_1,0.2164140094093047,False
FOODS_3_193,TX_2,0.276006272869838,False
FOODS_3_193,TX_3,0.159958180867747,False
FOODS_3_193,WI_1,0.2723470987976999,False
FOODS_3_193,WI_2,0.1463669628855201,False
FOODS_3_193,WI_3,0.3157344485101934,False
FOODS_3_195,CA_1,1.6450601150026136,True
FOODS_3_195,CA_2,1.189231573444851,False
FOODS_3_195,CA_3,1.98170412963931,True
FOODS_3_195,CA_4,1.410350235232619,False
FOODS_3_195,TX_1,1.59958180867747,True
FOODS_3_195,TX_2,3.3716675378985888,True
FOODS_3_195,TX_3,4.34343962362781,True
FOODS_3_195,WI_1,2.7956089911134345,True
FOODS_3_195,WI_2,1.686356508102457,True
FOODS_3_195,WI_3,2.180345007841088,True
FOODS_3_197,CA_1,0.9916361735493988,False
FOODS_3_197,CA_2,0.5007841087297439,False
FOODS_3_197,CA_3,1.039205436487193,False
FOODS_3_197,CA_4,0.3721902770517512,False
FOODS_3_197,TX_1,0.1359121798222687,False
FOODS_3_197,TX_2,0.3518034500784108,False
FOODS_3_197,TX_3,0.2650287506534239,False
FOODS_3_197,WI_1,0.4453737584945112,False
FOODS_3_197,WI_2,0.4124411918452692,False
FOODS_3_197,WI_3,0.7647673810768426,False
FOODS_3_198,CA_1,0.3167799268165185,False
FOODS_3_198,CA_2,0.32723470987977,False
FOODS_3_198,CA_3,0.5331939362258233,False
FOODS_3_198,CA_4,0.2242550967067433,False
FOODS_3_198,TX_1,0.2425509670674333,False
FOODS_3_198,TX_2,0.2268687924725562,False
FOODS_3_198,TX_3,0.2289597490852064,False
FOODS_3_198,WI_1,0.159958180867747,False
FOODS_3_198,WI_2,0.1589127025614218,False
FOODS_3_198,WI_3,0.0899111343439623,False
FOODS_3_200,CA_1,1.0308416100365918,False
FOODS_3_200,CA_2,0.4171458442237323,False
FOODS_3_200,CA_3,1.3460533193936226,False
FOODS_3_200,CA_4,0.2848928384736017,False
FOODS_3_200,TX_1,0.520125457396759,False
FOODS_3_200,TX_2,1.3371667537898588,False
FOODS_3_200,TX_3,0.9336121275483532,False
FOODS_3_200,WI_1,0.4892838473601673,False
FOODS_3_200,WI_2,0.8212232096184005,False
FOODS_3_200,WI_3,0.4286461055933089,False
FOODS_3_205,CA_1,1.0993204391008886,False
FOODS_3_205,CA_2,0.545739675901725,False
FOODS_3_205,CA_3,1.4537375849451124,False
FOODS_3_205,CA_4,0.1421850496602195,False
FOODS_3_205,TX_1,0.9236800836382644,False
FOODS_3_205,TX_2,1.39832723470988,False
FOODS_3_205,TX_3,0.970726607422896,False
FOODS_3_205,WI_1,1.848405645582854,True
FOODS_3_205,WI_2,1.5572399372713015,True
FOODS_3_205,WI_3,1.753267119707266,True
FOODS_3_207,CA_1,1.330893883951908,False
FOODS_3_207,CA_2,0.9461578672242552,False
FOODS_3_207,CA_3,1.76424464192368,True
FOODS_3_207,CA_4,0.7909043387349712,False
FOODS_3_207,TX_1,0.7647673810768426,False
FOODS_3_207,TX_2,1.505488761108207,True
FOODS_3_207,TX_3,0.8081547307893361,False
FOODS_3_207,WI_1,1.913225300575013,True
FOODS_3_207,WI_2,0.869315211709357,False
FOODS_3_207,WI_3,1.6037637219027705,True
FOODS_3_217,CA_1,4.635128071092525,True
FOODS_3_217,CA_2,2.489283847360168,True
FOODS_3_217,CA_3,2.8541557762676426,True
FOODS_3_217,CA_4,2.369053842132776,True
FOODS_3_217,TX_1,0.8907475169890224,False
FOODS_3_217,TX_2,1.3256664924202823,False
FOODS_3_217,TX_3,1.0376372190277052,False
FOODS_3_217,WI_1,1.1291165708311552,False
FOODS_3_217,WI_2,1.0789336121275483,False
FOODS_3_217,WI_3,1.1050705697856769,False
FOODS_3_219,CA_1,6.846837428123367,True
FOODS_3_219,CA_2,4.10977522216414,True
FOODS_3_219,CA_3,6.920020909566127,True
FOODS_3_219,CA_4,3.879247255619446,True
FOODS_3_219,TX_1,0.7637219027705175,False
FOODS_3_219,TX_2,1.511761630946158,True
FOODS_3_219,TX_3,1.0705697856769472,False
FOODS_3_219,WI_1,7.475169890224778,True
FOODS_3_219,WI_2,4.283324621014114,True
FOODS_3_219,WI_3,7.769472033455306,True
FOODS_3_227,CA_1,5.885520125457397,True
FOODS_3_227,CA_2,1.755880815473079,True
FOODS_3_227,CA_3,3.6738107684265553,True
FOODS_3_227,CA_4,2.686356508102457,True
FOODS_3_227,TX_1,3.259278619968636,True
FOODS_3_227,TX_2,10.3617354939885,True
FOODS_3_227,TX_3,7.569262937794041,True
FOODS_3_227,WI_1,1.6006272869837952,True
FOODS_3_227,WI_2,0.5886042864610559,False
FOODS_3_227,WI_3,2.299006795608991,True
FOODS_3_228,CA_1,9.015682174594875,True
FOODS_3_228,CA_2,8.703084161003659,True
FOODS_3_228,CA_3,8.808154730789337,True
FOODS_3_228,CA_4,3.864610559330894,True
FOODS_3_228,TX_1,6.920543648719289,True
FOODS_3_228,TX_2,15.210141139571354,True
FOODS_3_228,TX_3,8.938316779926817,True
FOODS_3_228,WI_1,4.043387349712494,True
FOODS_3_228,WI_2,2.6455828541557764,True
FOODS_3_228,WI_3,5.497124934657606,True
FOODS_3_230,CA_1,3.9409304756926296,True
FOODS_3_230,CA_2,2.1667537898588605,True
FOODS_3_230,CA_3,4.0115002613695765,True
FOODS_3_230,CA_4,1.5713538944066912,True
FOODS_3_230,TX_1,2.3899634082592787,True
FOODS_3_230,TX_2,4.773131207527444,True
FOODS_3_230,TX_3,3.362780972294825,True
FOODS_3_230,WI_1,0.7804495556717198,False
FOODS_3_230,WI_2,1.6121275483533717,True
FOODS_3_230,WI_3,0.8552012545739676,False
FOODS_3_245,CA_1,6.299006795608992,True
FOODS_3_245,CA_2,4.275483533716676,True
FOODS_3_245,CA_3,10.704652378463146,True
FOODS_3_245,CA_4,3.111343439623628,True
FOODS_3_245,TX_1,7.348144276006272,True
FOODS_3_245,TX_2,6.909566126502875,True
FOODS_3_245,TX_3,5.378985886042865,True
FOODS_3_245,WI_1,1.6853110297961318,True
FOODS_3_245,WI_2,2.613173026659697,True
FOODS_3_245,WI_3,4.112388917929953,True
FOODS_3_247,CA_1,0.3685311029796131,False
FOODS_3_247,CA_2,0.2916884474647151,False
FOODS_3_247,CA_3,0.531102979613173,False
FOODS_3_247,CA_4,0.2890747516989022,False
FOODS_3_247,TX_1,0.2085729221118661,False
FOODS_3_247,TX_2,0.3152117093570308,False
FOODS_3_247,TX_3,0.1683220073183481,False
FOODS_3_247,WI_1,0.3439623627809723,False
FOODS_3_247,WI_2,0.200209095661265,False
FOODS_3_247,WI_3,0.1813904861474124,False
FOODS_3_252,CA_1,39.19027705175117,True
FOODS_3_252,CA_2,29.96759017250392,True
FOODS_3_252,CA_3,42.58024046001046,True
FOODS_3_252,CA_4,12.240982749607946,True
FOODS_3_252,TX_1,29.42707788813382,True
FOODS_3_252,TX_2,59.67224255096707,True
FOODS_3_252,TX_3,45.28593831677993,True
FOODS_3_252,WI_1,9.777313120752744,True
FOODS_3_252,WI_2,7.905384213277575,True
FOODS_3_252,WI_3,19.456874019864088,True
FOODS_3_255,CA_1,0.0716152639832723,False
FOODS_3_255,CA_2,0.0857292211186617,False
FOODS_3_255,CA_3,0.0700470465237846,False
FOODS_3_255,CA_4,0.0601150026136957,False
FOODS_3_255,TX_1,0.0339780449555671,False
FOODS_3_255,TX_2,0.058546785154208,False
FOODS_3_255,TX_3,0.0653423941453214,False
FOODS_3_255,WI_1,0.1186617877679038,False
FOODS_3_255,WI_2,0.05488761108207,False
FOODS_3_255,WI_3,0.0444328280188186,False
FOODS_3_262,CA_1,0.2582331416623105,False
FOODS_3_262,CA_2,0.1029796131730266,False
FOODS_3_262,CA_3,0.3753267119707266,False
FOODS_3_262,CA_4,0.1458442237323575,False
FOODS_3_262,TX_1,0.1317302665969681,False
FOODS_3_262,TX_2,0.1975953998954521,False
FOODS_3_262,TX_3,0.1657083115525353,False
FOODS_3_262,WI_1,0.1677992681651855,False
FOODS_3_262,WI_2,0.1322530057501307,False
FOODS_3_262,WI_3,0.1097752221641401,False
FOODS_3_267,CA_1,1.7292211186617878,True
FOODS_3_267,CA_2,2.10977522216414,True
FOODS_3_267,CA_3,2.297961317302666,True
FOODS_3_267,CA_4,1.2409827496079455,False
FOODS_3_267,TX_1,1.989022477783586,True
FOODS_3_267,TX_2,1.1259801359121795,False
FOODS_3_267,TX_3,1.5493988499738631,True
FOODS_3_267,WI_1,1.306325143753267,False
FOODS_3_267,WI_2,1.1259801359121795,False
FOODS_3_267,WI_3,1.1704129639309984,False
FOODS_3_269,CA_1,1.715629900679561,True
FOODS_3_269,CA_2,1.465237846314689,False
FOODS_3_269,CA_3,1.2922111866178776,False
FOODS_3_269,CA_4,0.985363303711448,False
FOODS_3_269,TX_1,0.5117616309461579,False
FOODS_3_269,TX_2,0.6121275483533717,False
FOODS_3_269,TX_3,0.5190799790904339,False
FOODS_3_269,WI_1,1.1202300052273917,False
FOODS_3_269,WI_2,0.5436487192890748,False
FOODS_3_269,WI_3,0.4866701515943544,False
FOODS_3_277,CA_1,1.538421327757449,True
FOODS_3_277,CA_2,0.9200209095661264,False
FOODS_3_277,CA_3,1.5818086774699425,True
FOODS_3_277,CA_4,0.4124411918452692,False
FOODS_3_277,TX_1,0.687401986408782,False
FOODS_3_277,TX_2,0.6884474647151072,False
FOODS_3_277,TX_3,1.0334553058024043,False
FOODS_3_277,WI_1,0.9973863042341872,False
FOODS_3_277,WI_2,1.488238369053842,False
FOODS_3_277,WI_3,1.1071615263983272,False
FOODS_3_288,CA_1,9.823836905384214,True
FOODS_3_288,CA_2,11.474647151071617,True
FOODS_3_288,CA_3,21.131730266596968,True
FOODS_3_288,CA_4,2.9090433873497124,True
FOODS_3_288,TX_1,7.254573967590172,True
FOODS_3_288,TX_2,6.5671719811813904,True
FOODS_3_288,TX_3,4.4035546262415055,True
FOODS_3_288,WI_1,5.389963408259279,True
FOODS_3_288,WI_2,8.689492943021433,True
FOODS_3_288,WI_3,5.01829587036069,True
FOODS_3_299,CA_1,1.0899111343439625,False
FOODS_3_299,CA_2,2.843700993204391,True
FOODS_3_299,CA_3,4.690538421327758,True
FOODS_3_299,CA_4,0.6366962885520125,False
FOODS_3_299,TX_1,1.5368531102979612,True
FOODS_3_299,TX_2,1.3512807109252485,False
FOODS_3_299,TX_3,0.8274960794563513,False
FOODS_3_299,WI_1,1.248823836905384,False
FOODS_3_299,WI_2,1.7950862519602715,True
FOODS_3_299,WI_3,1.792472556194459,True
FOODS_3_318,CA_1,17.052796654469418,True
FOODS_3_318,CA_2,9.021955044432827,True
FOODS_3_318,CA_3,23.385258755880816,True
FOODS_3_318,CA_4,7.677469942498693,True
FOODS_3_318,TX_1,6.504443282801882,True
FOODS_3_318,TX_2,8.01829587036069,True
FOODS_3_318,TX_3,7.52430737062206,True
FOODS_3_318,WI_1,10.125457396759018,True
FOODS_3_318,WI_2,18.28437009932044,True
FOODS_3_318,WI_3,28.630423418714063,True
FOODS_3_320,CA_1,1.0209095661265029,False
FOODS_3_320,CA_2,1.1076842655514898,False
FOODS_3_320,CA_3,1.559330893883952,True
FOODS_3_320,CA_4,0.407736539466806,False
FOODS_3_320,TX_1,0.3857814950339781,False
FOODS_3_320,TX_2,0.7104025091479352,False
FOODS_3_320,TX_3,0.3089388395190799,False
FOODS_3_320,WI_1,1.2143230527966544,False
FOODS_3_320,WI_2,0.6931521170935703,False
FOODS_3_320,WI_3,1.2164140094093048,False
FOODS_3_328,CA_1,0.9252483010977522,False
FOODS_3_328,CA_2,0.7767903815995818,False
FOODS_3_328,CA_3,1.501829587036069,True
FOODS_3_328,CA_4,0.5776267642446419,False
FOODS_3_328,TX_1,0.1254573967590172,False
FOODS_3_328,TX_2,0.2216414009409305,False
FOODS_3_328,TX_3,0.1338212232096184,False
FOODS_3_328,WI_1,0.3836905384213278,False
FOODS_3_328,WI_2,0.516466283324621,False
FOODS_3_328,WI_3,0.3470987976999477,False
FOODS_3_330,CA_1,3.7036069001568217,True
FOODS_3_330,CA_2,1.4458964976476738,False
FOODS_3_330,CA_3,3.5906952430737062,True
FOODS_3_330,CA_4,1.6466283324621014,True
FOODS_3_330,TX_1,1.2111866178776791,False
FOODS_3_330,TX_2,1.4171458442237324,False
FOODS_3_330,TX_3,1.2624150548876112,False
FOODS_3_330,WI_1,0.9163617354939884,False
FOODS_3_330,WI_2,1.0946157867224255,False
FOODS_3_330,WI_3,1.1369576581285938,False
FOODS_3_332,CA_1,2.531625718766336,True
FOODS_3_332,CA_2,0.919498170412964,False
FOODS_3_332,CA_3,3.851542080501829,True
FOODS_3_332,CA_4,1.48980658651333,False
FOODS_3_332,TX_1,2.0883429168844745,True
FOODS_3_332,TX_2,2.03240982749608,True
FOODS_3_332,TX_3,2.25614218504966,True
FOODS_3_332,WI_1,1.2765290120230006,False
FOODS_3_332,WI_2,2.5060115002613697,True
FOODS_3_332,WI_3,2.063774176685834,True
FOODS_3_333,CA_1,0.6900156821745949,False
FOODS_3_333,CA_2,0.6623105070569786,False
FOODS_3_333,CA_3,1.2226868792472556,False
FOODS_3_333,CA_4,0.5776267642446419,False
FOODS_3_333,TX_1,1.113434396236278,False
FOODS_3_333,TX_2,1.07318348144276,False
FOODS_3_333,TX_3,1.610559330893884,True
FOODS_3_333,WI_1,0.8698379508625196,False
FOODS_3_333,WI_2,1.865656037637219,True
FOODS_3_333,WI_3,0.854678515420805,False
FOODS_3_350,CA_1,0.0449555671719811,False
FOODS_3_350,CA_2,0.0961840041819132,False
FOODS_3_350,CA_3,0.0627286983795086,False
FOODS_3_350,CA_4,0.1014113957135389,False
FOODS_3_350,TX_1,0.0888656560376372,False
FOODS_3_350,TX_2,0.0465237846314689,False
FOODS_3_350,TX_3,0.0972294824882383,False
FOODS_3_350,WI_1,0.1238891792995295,False
FOODS_3_350,WI_2,0.1254573967590172,False
FOODS_3_350,WI_3,0.0862519602718243,False
FOODS_3_352,CA_1,1.1667537898588605,False
FOODS_3_352,CA_2,0.0737062205959226,False
FOODS_3_352,CA_3,1.0282279142707789,False
FOODS_3_352,CA_4,0.7245164662833247,False
FOODS_3_352,TX_1,0.5243073706220596,False
FOODS_3_352,TX_2,1.0690015682174594,False
FOODS_3_352,TX_3,0.4678515420805018,False
FOODS_3_352,WI_1,0.6455828541557763,False
FOODS_3_352,WI_2,1.5473078933612128,True
FOODS_3_352,WI_3,1.0517511761630949,False
FOODS_3_378,CA_1,2.021955044432828,True
FOODS_3_378,CA_2,0.9921589127025614,False
FOODS_3_378,CA_3,3.4610559330893884,True
FOODS_3_378,CA_4,0.6257187663355985,False
FOODS_3_378,TX_1,0.5473078933612128,False
FOODS_3_378,TX_2,0.9079979090433874,False
FOODS_3_378,TX_3,0.4140094093047569,False
FOODS_3_378,WI_1,0.2174594877156299,False
FOODS_3_378,WI_2,0.5331939362258233,False
FOODS_3_378,WI_3,0.1860951385258756,False
FOODS_3_387,CA_1,1.397281756403555,False
FOODS_3_387,CA_2,0.7527443805541035,False
FOODS_3_387,CA_3,1.6759017250392054,True
FOODS_3_387,CA_4,0.8222686879247255,False
FOODS_3_387,TX_1,0.5912179822268688,False
FOODS_3_387,TX_2,0.6267642446419237,False
FOODS_3_387,TX_3,0.483533716675379,False
FOODS_3_387,WI_1,0.6304234187140617,False
FOODS_3_387,WI_2,0.3873497124934658,False
FOODS_3_387,WI_3,0.3753267119707266,False
FOODS_3_389,CA_1,10.529534762153686,True
FOODS_3_389,CA_2,7.131207527443806,True
FOODS_3_389,CA_3,18.2514375326712,True
FOODS_3_389,CA_4,3.846314688970204,True
FOODS_3_389,TX_1,5.668060637741767,True
FOODS_3_389,TX_2,13.622582331416623,True
FOODS_3_389,TX_3,5.48771562990068,True
FOODS_3_389,WI_1,3.8881338212232097,True
FOODS_3_389,WI_2,7.037114479874543,True
FOODS_3_389,WI_3,12.916884474647151,True
FOODS_3_405,CA_1,1.407736539466806,False
FOODS_3_405,CA_2,0.8923157344485102,False
FOODS_3_405,CA_3,1.047569262937794,False
FOODS_3_405,CA_4,0.7067433350757972,False
FOODS_3_405,TX_1,0.2430737062205959,False
FOODS_3_405,TX_2,0.5075797177208573,False
FOODS_3_405,TX_3,0.4417145844223732,False
FOODS_3_405,WI_1,0.9477260846837428,False
FOODS_3_405,WI_2,0.5033978044955567,False
FOODS_3_405,WI_3,0.4929430214323053,False
FOODS_3_415,CA_1,0.9932043910088866,False
FOODS_3_415,CA_2,0.9827496079456352,False
FOODS_3_415,CA_3,1.7401986408782018,True
FOODS_3_415,CA_4,0.6058546785154209,False
FOODS_3_415,TX_1,0.755880815473079,False
FOODS_3_415,TX_2,1.1730266596968113,False
FOODS_3_415,TX_3,0.6204913748039729,False
FOODS_3_415,WI_1,0.7396759017250392,False
FOODS_3_415,WI_2,1.4479874542603242,False
FOODS_3_415,WI_3,1.1557762676424463,False
FOODS_3_417,CA_1,0.2409827496079456,False
FOODS_3_417,CA_2,0.1150026136957658,False
FOODS_3_417,CA_3,0.2080501829587036,False
FOODS_3_417,CA_4,0.1296393099843178,False
FOODS_3_417,TX_1,0.1228437009932044,False
FOODS_3_417,TX_2,0.1270256142185049,False
FOODS_3_417,TX_3,0.0899111343439623,False
FOODS_3_417,WI_1,0.2300052273915316,False
FOODS_3_417,WI_2,0.1594354417145844,False
FOODS_3_417,WI_3,0.0940930475692629,False
FOODS_3_422,CA_1,0.9435441714584424,False
FOODS_3_422,CA_2,0.6748562467328802,False
FOODS_3_422,CA_3,1.1254573967590171,False
FOODS_3_422,CA_4,0.4594877156299007,False
FOODS_3_422,TX_1,2.100888656560376,True
FOODS_3_422,TX_2,1.846314688970204,True
FOODS_3_422,TX_3,1.0345007841087297,False
FOODS_3_422,WI_1,0.4479874542603241,False
FOODS_3_422,WI_2,2.4950339780449555,True
FOODS_3_422,WI_3,1.5086251960271824,True
FOODS_3_425,CA_1,0.4370099320439101,False
FOODS_3_425,CA_2,0.330893883951908,False
FOODS_3_425,CA_3,0.5535807631991636,False
FOODS_3_425,CA_4,0.211186617877679,False
FOODS_3_425,TX_1,0.1777313120752744,False
FOODS_3_425,TX_2,0.4443282801881861,False
FOODS_3_425,TX_3,0.2399372713016204,False
FOODS_3_425,WI_1,0.3047569262937794,False
FOODS_3_425,WI_2,0.4119184526921066,False
FOODS_3_425,WI_3,0.2164140094093047,False
FOODS_3_429,CA_1,0.680083638264506,False
FOODS_3_429,CA_2,0.1583899634082592,False
FOODS_3_429,CA_3,0.6795608991113434,False
FOODS_3_429,CA_4,0.2023000522739153,False
FOODS_3_429,TX_1,0.3146889702038682,False
FOODS_3_429,TX_2,0.4312598013591218,False
FOODS_3_429,TX_3,0.4255096706743335,False
FOODS_3_429,WI_1,0.8635650810245687,False
FOODS_3_429,WI_2,1.3371667537898588,False
FOODS_3_429,WI_3,0.7255619445896497,False
FOODS_3_435,CA_1,2.648196549921589,True
FOODS_3_435,CA_2,2.341871406168322,True
FOODS_3_435,CA_3,3.284892838473602,True
FOODS_3_435,CA_4,1.7234709879769994,True
FOODS_3_435,TX_1,1.924725561944589,True
FOODS_3_435,TX_2,2.521693674856247,True
FOODS_3_435,TX_3,1.7600627286983794,True
FOODS_3_435,WI_1,9.987976999477262,True
FOODS_3_435,WI_2,10.806586513329847,True
FOODS_3_435,WI_3,14.937794040773651,True
FOODS_3_440,CA_1,0.2582331416623105,False
FOODS_3_440,CA_2,0.4490329325666492,False
FOODS_3_440,CA_3,0.7543125980135912,False
FOODS_3_440,CA_4,0.3476215368531103,False
FOODS_3_440,TX_1,0.1437532671197072,False
FOODS_3_440,TX_2,0.1474124411918452,False
FOODS_3_440,TX_3,0.1468897020386827,False
FOODS_3_440,WI_1,0.1777313120752744,False
FOODS_3_440,WI_2,0.0930475692629378,False
FOODS_3_440,WI_3,0.1066387872451646,False
FOODS_3_445,CA_1,0.498170412963931,False
FOODS_3_445,CA_2,0.4600104547830632,False
FOODS_3_445,CA_3,0.6257187663355985,False
FOODS_3_445,CA_4,0.3047569262937794,False
FOODS_3_445,TX_1,0.2425509670674333,False
FOODS_3_445,TX_2,0.5666492420282279,False
FOODS_3_445,TX_3,0.3078933612127548,False
FOODS_3_445,WI_1,0.3680083638264506,False
FOODS_3_445,WI_2,0.360167276529012,False
FOODS_3_445,WI_3,0.2315734448510193,False
FOODS_3_449,CA_1,4.248823836905384,True
FOODS_3_449,CA_2,4.917929952953476,True
FOODS_3_449,CA_3,7.635650810245687,True
FOODS_3_449,CA_4,2.511761630946158,True
FOODS_3_449,TX_1,3.2117093570308417,True
FOODS_3_449,TX_2,3.379508625196028,True
FOODS_3_449,TX_3,3.363303711447988,True
FOODS_3_449,WI_1,2.433350757971772,True
FOODS_3_449,WI_2,3.938839519079979,True
FOODS_3_449,WI_3,4.098274960794564,True
FOODS_3_452,CA_1,0.4302143230527966,False
FOODS_3_452,CA_2,0.2629377940407736,False
FOODS_3_452,CA_3,0.8238369053842133,False
FOODS_3_452,CA_4,0.2284370099320439,False
FOODS_3_452,TX_1,0.3983272347098798,False
FOODS_3_452,TX_2,0.5013068478829065,False
FOODS_3_452,TX_3,0.3868269733403032,False
FOODS_3_452,WI_1,0.3288029273392577,False
FOODS_3_452,WI_2,0.7548353371667538,False
FOODS_3_452,WI_3,0.6623105070569786,False
FOODS_3_463,CA_1,1.1944589649764767,False
FOODS_3_463,CA_2,0.523784631468897,False
FOODS_3_463,CA_3,1.708311552535285,True
FOODS_3_463,CA_4,0.6832200731834814,False
FOODS_3_463,TX_1,1.4939884997386303,False
FOODS_3_463,TX_2,1.5331939362258231,True
FOODS_3_463,TX_3,1.4532148457919498,False
FOODS_3_463,WI_1,0.4615786722425509,False
FOODS_3_463,WI_2,1.5196027182435965,True
FOODS_3_463,WI_3,0.8667015159435442,False
FOODS_3_472,CA_1,0.0737062205959226,False
FOODS_3_472,CA_2,0.0407736539466806,False
FOODS_3_472,CA_3,0.0930475692629378,False
FOODS_3_472,CA_4,0.0522739153162571,False
FOODS_3_472,TX_1,0.0287506534239414,False
FOODS_3_472,TX_2,0.0433873497124934,False
FOODS_3_472,TX_3,0.0245687401986408,False
FOODS_3_472,WI_1,0.1207527443805541,False
FOODS_3_472,WI_2,0.0407736539466806,False
FOODS_3_472,WI_3,0.0271824359644537,False
FOODS_3_477,CA_1,6.889702038682698,True
FOODS_3_477,CA_2,3.20543648719289,True
FOODS_3_477,CA_3,4.825405122843701,True
FOODS_3_477,CA_4,3.2676424464192366,True
FOODS_3_477,TX_1,2.6351280710925247,True
FOODS_3_477,TX_2,6.774699424986932,True
FOODS_3_477,TX_3,6.450601150026137,True
FOODS_3_477,WI_1,2.984317825405123,True
FOODS_3_477,WI_2,1.7407213800313643,True
FOODS_3_477,WI_3,3.637219027705175,True
FOODS_3_479,CA_1,0.967067433350758,False
FOODS_3_479,CA_2,1.0904338734971248,False
FOODS_3_479,CA_3,2.578149503397805,True
FOODS_3_479,CA_4,0.4798745426032409,False
FOODS_3_479,TX_1,0.8975431259801359,False
FOODS_3_479,TX_2,1.291688447464715,False
FOODS_3_479,TX_3,0.5854678515420805,False
FOODS_3_479,WI_1,0.974385781495034,False
FOODS_3_479,WI_2,2.1092524830109776,True
FOODS_3_479,WI_3,1.517511761630946,True
FOODS_3_482,CA_1,0.647151071615264,False
FOODS_3_482,CA_2,0.4840564558285415,False
FOODS_3_482,CA_3,0.8661787767903816,False
FOODS_3_482,CA_4,0.2911657083115525,False
FOODS_3_482,TX_1,0.2320961840041819,False
FOODS_3_482,TX_2,0.3230527966544694,False
FOODS_3_482,TX_3,0.2922111866178777,False
FOODS_3_482,WI_1,0.4286461055933089,False
FOODS_3_482,WI_2,0.2974385781495034,False
FOODS_3_482,WI_3,0.1562990067956089,False
FOODS_3_485,CA_1,2.496602195504443,True
FOODS_3_485,CA_2,1.374803972817564,False
FOODS_3_485,CA_3,2.350235232618924,True
FOODS_3_485,CA_4,1.135389440669106,False
FOODS_3_485,TX_1,0.498170412963931,False
FOODS_3_485,TX_2,0.9017250392054365,False
FOODS_3_485,TX_3,0.6649242028227914,False
FOODS_3_485,WI_1,1.565603763721903,True
FOODS_3_485,WI_2,1.872974385781495,True
FOODS_3_485,WI_3,1.2388917929952954,False
FOODS_3_487,CA_1,0.483533716675379,False
FOODS_3_487,CA_2,0.5316257187663356,False
FOODS_3_487,CA_3,1.3695765812859384,False
FOODS_3_487,CA_4,0.0982749607945635,False
FOODS_3_487,TX_1,0.658128593831678,False
FOODS_3_487,TX_2,2.1557762676424463,True
FOODS_3_487,TX_3,1.3800313643491895,False
FOODS_3_487,WI_1,2.4720334553058025,True
FOODS_3_487,WI_2,2.533193936225824,True
FOODS_3_487,WI_3,4.013591217982227,True
FOODS_3_494,CA_1,1.5300575013068478,True
FOODS_3_494,CA_2,0.9738630423418714,False
FOODS_3_494,CA_3,1.0151594354417146,False
FOODS_3_494,CA_4,1.0088865656037638,False
FOODS_3_494,TX_1,0.2472556194458965,False
FOODS_3_494,TX_2,0.5535807631991636,False
FOODS_3_494,TX_3,0.244119184526921,False
FOODS_3_494,WI_1,1.0527966544694198,False
FOODS_3_494,WI_2,0.1881860951385258,False
FOODS_3_494,WI_3,0.3105070569785677,False
FOODS_3_498,CA_1,5.722425509670674,True
FOODS_3_498,CA_2,3.950339780449556,True
FOODS_3_498,CA_3,17.04234187140617,True
FOODS_3_498,CA_4,2.4474647151071616,True
FOODS_3_498,TX_1,6.793518034500784,True
FOODS_3_498,TX_2,6.981181390486148,True
FOODS_3_498,TX_3,3.3507579717720857,True
FOODS_3_498,WI_1,4.782017773131208,True
FOODS_3_498,WI_2,18.058024046001044,True
FOODS_3_498,WI_3,17.87245164662833,True
FOODS_3_502,CA_1,1.7177208572922111,True
FOODS_3_502,CA_2,0.6879247255619446,False
FOODS_3_502,CA_3,1.8102456874019863,True
FOODS_3_502,CA_4,0.5185572399372713,False
FOODS_3_502,TX_1,1.0067956089911134,False
FOODS_3_502,TX_2,1.4124411918452693,False
FOODS_3_502,TX_3,0.7762676424464192,False
FOODS_3_502,WI_1,0.3282801881860951,False
FOODS_3_502,WI_2,0.4030318870883429,False
FOODS_3_502,WI_3,0.36382645060115,False
FOODS_3_504,CA_1,1.3617354939884998,False
FOODS_3_504,CA_2,1.138003136434919,False
FOODS_3_504,CA_3,2.004704652378463,True
FOODS_3_504,CA_4,0.9309984317825404,False
FOODS_3_504,TX_1,0.2895974908520648,False
FOODS_3_504,TX_2,1.1981181390486146,False
FOODS_3_504,TX_3,0.8640878201777313,False
FOODS_3_504,WI_1,2.5561944589649763,True
FOODS_3_504,WI_2,2.3507579717720857,True
FOODS_3_504,WI_3,3.383690538421328,True
FOODS_3_521,CA_1,0.5337166753789859,False
FOODS_3_521,CA_2,0.1228437009932044,False
FOODS_3_521,CA_3,0.0491374803972817,False
FOODS_3_521,CA_4,0.2890747516989022,False
FOODS_3_521,TX_1,0.0517511761630946,False
FOODS_3_521,TX_2,0.0684788290642969,False
FOODS_3_521,TX_3,0.0522739153162571,False
FOODS_3_521,WI_1,0.1463669628855201,False
FOODS_3_521,WI_2,0.084161003659174,False
FOODS_3_521,WI_3,0.0716152639832723,False
FOODS_3_534,CA_1,5.451646628332462,True
FOODS_3_534,CA_2,1.2310507056978568,False
FOODS_3_534,CA_3,4.25196027182436,True
FOODS_3_534,CA_4,2.884474647151072,True
FOODS_3_534,TX_1,0.7809722948248824,False
FOODS_3_534,TX_2,1.3251437532671198,False
FOODS_3_534,TX_3,1.2618923157344486,False
FOODS_3_534,WI_1,1.009932043910089,False
FOODS_3_534,WI_2,0.3653946680606377,False
FOODS_3_534,WI_3,2.21536853110298,True
FOODS_3_537,CA_1,1.0825927861996865,False
FOODS_3_537,CA_2,0.3664401463669628,False
FOODS_3_537,CA_3,1.1552535284892838,False
FOODS_3_537,CA_4,0.6523784631468897,False
FOODS_3_537,TX_1,0.786199686356508,False
FOODS_3_537,TX_2,0.8604286461055933,False
FOODS_3_537,TX_3,0.8515420805018296,False
FOODS_3_537,WI_1,0.5687401986408782,False
FOODS_3_537,WI_2,0.6832200731834814,False
FOODS_3_537,WI_3,1.0277051751176165,False
FOODS_3_539,CA_1,0.4401463669628855,False
FOODS_3_539,CA_2,0.1144798745426032,False
FOODS_3_539,CA_3,0.9769994772608468,False
FOODS_3_539,CA_4,0.0778881338212232,False
FOODS_3_539,TX_1,0.2650287506534239,False
FOODS_3_539,TX_2,0.3685311029796131,False
FOODS_3_539,TX_3,0.2216414009409305,False
FOODS_3_539,WI_1,0.2963930998431782,False
FOODS_3_539,WI_2,0.4526921066387872,False
FOODS_3_539,WI_3,0.1463669628855201,False
FOODS_3_547,CA_1,6.460533193936226,True
FOODS_3_547,CA_2,2.976476738107684,True
FOODS_3_547,CA_3,13.669106116048091,True
FOODS_3_547,CA_4,2.5049660219550445,True
FOODS_3_547,TX_1,8.20334553058024,True
FOODS_3_547,TX_2,11.013068478829064,True
FOODS_3_547,TX_3,7.683742812336644,True
FOODS_3_547,WI_1,3.8342916884474647,True
FOODS_3_547,WI_2,21.47882906429692,True
FOODS_3_547,WI_3,16.401463669628857,True
FOODS_3_549,CA_1,0.2749607945635128,False
FOODS_3_549,CA_2,0.1630946157867224,False
FOODS_3_549,CA_3,0.32723470987977,False
FOODS_3_549,CA_4,0.1296393099843178,False
FOODS_3_549,TX_1,0.1787767903815995,False
FOODS_3_549,TX_2,0.2561421850496602,False
FOODS_3_549,TX_3,0.178254051228437,False
FOODS_3_549,WI_1,0.244119184526921,False
FOODS_3_549,WI_2,0.2598013591217982,False
FOODS_3_549,WI_3,0.1902770517511761,False
FOODS_3_561,CA_1,2.184526921066388,True
FOODS_3_561,CA_2,1.487192890747517,False
FOODS_3_561,CA_3,2.119707266074229,True
FOODS_3_561,CA_4,1.0277051751176165,False
FOODS_3_561,TX_1,1.3680083638264506,False
FOODS_3_561,TX_2,1.3183481442760063,False
FOODS_3_561,TX_3,1.6722425509670675,True
FOODS_3_561,WI_1,1.1510716152639833,False
FOODS_3_561,WI_2,1.8525875588081544,True
FOODS_3_561,WI_3,1.207527443805541,False
FOODS_3_562,CA_1,2.5791949817041298,True
FOODS_3_562,CA_2,0.8416100365917407,False
FOODS_3_562,CA_3,4.212754835337167,True
FOODS_3_562,CA_4,1.318870883429169,False
FOODS_3_562,TX_1,2.357553580763199,True
FOODS_3_562,TX_2,2.659174072138004,True
FOODS_3_562,TX_3,2.223732357553581,True
FOODS_3_562,WI_1,0.9534762153685312,False
FOODS_3_562,WI_2,2.077365394668061,True
FOODS_3_562,WI_3,1.731312075274438,True
FOODS_3_565,CA_1,1.108729743857815,False
FOODS_3_565,CA_2,1.228437009932044,False
FOODS_3_565,CA_3,2.464192368008364,True
FOODS_3_565,CA_4,2.1082070047046524,True
FOODS_3_565,TX_1,0.7579717720857292,False
FOODS_3_565,TX_2,1.2702561421850496,False
FOODS_3_565,TX_3,1.180345007841087,False
FOODS_3_565,WI_1,0.9644537375849452,False
FOODS_3_565,WI_2,0.9796131730266596,False
FOODS_3_565,WI_3,1.0543648719289074,False
FOODS_3_567,CA_1,0.6058546785154209,False
FOODS_3_567,CA_2,0.3120752744380554,False
FOODS_3_567,CA_3,0.4584422373235755,False
FOODS_3_567,CA_4,0.2519602718243596,False
FOODS_3_567,TX_1,0.1803450078410872,False
FOODS_3_567,TX_2,0.3005750130684788,False
FOODS_3_567,TX_3,0.2090956612650287,False
FOODS_3_567,WI_1,0.4615786722425509,False
FOODS_3_567,WI_2,0.2451646628332462,False
FOODS_3_567,WI_3,0.4213277574490329,False
FOODS_3_598,CA_1,1.904861474124412,True
FOODS_3_598,CA_2,2.8086774699424986,True
FOODS_3_598,CA_3,3.628855201254574,True
FOODS_3_598,CA_4,1.5561944589649763,True
FOODS_3_598,TX_1,1.5891270256142185,True
FOODS_3_598,TX_2,2.307893361212755,True
FOODS_3_598,TX_3,1.970726607422896,True
FOODS_3_598,WI_1,1.5917407213800314,True
FOODS_3_598,WI_2,1.5818086774699425,True
FOODS_3_598,WI_3,1.2963930998431783,False
FOODS_3_599,CA_1,0.6257187663355985,False
FOODS_3_599,CA_2,0.4129639309984317,False
FOODS_3_599,CA_3,1.0005227391531626,False
FOODS_3_599,CA_4,0.2848928384736017,False
FOODS_3_599,TX_1,0.2733925771040251,False
FOODS_3_599,TX_2,0.4014636696288552,False
FOODS_3_599,TX_3,0.378463146889702,False
FOODS_3_599,WI_1,0.5075797177208573,False
FOODS_3_599,WI_2,0.531102979613173,False
FOODS_3_599,WI_3,0.4971249346576059,False
FOODS_3_601,CA_1,0.0867746994249869,False
FOODS_3_601,CA_2,0.0486147412441191,False
FOODS_3_601,CA_3,0.0533193936225823,False
FOODS_3_601,CA_4,0.03659174072138,False
FOODS_3_601,TX_1,0.0355462624150548,False
FOODS_3_601,TX_2,0.0486147412441191,False
FOODS_3_601,TX_3,0.0418191322530057,False
FOODS_3_601,WI_1,0.1385258755880815,False
FOODS_3_601,WI_2,0.236800836382645,False
FOODS_3_601,WI_3,0.0601150026136957,False
FOODS_3_604,CA_1,0.628855201254574,False
FOODS_3_604,CA_2,0.6455828541557763,False
FOODS_3_604,CA_3,1.5342394145321483,True
FOODS_3_604,CA_4,0.2911657083115525,False
FOODS_3_604,TX_1,0.5901725039205437,False
FOODS_3_604,TX_2,0.6497647673810768,False
FOODS_3_604,TX_3,0.3972817564035546,False
FOODS_3_604,WI_1,0.8917929952953476,False
FOODS_3_604,WI_2,0.7145844223732357,False
FOODS_3_604,WI_3,0.7422895974908521,False
FOODS_3_610,CA_1,1.3779404077365394,False
FOODS_3_610,CA_2,1.305279665446942,False
FOODS_3_610,CA_3,3.2524830109775222,True
FOODS_3_610,CA_4,0.8771562990067956,False
FOODS_3_610,TX_1,0.9409304756926292,False
FOODS_3_610,TX_2,1.3664401463669629,False
FOODS_3_610,TX_3,1.0224777835859906,False
FOODS_3_610,WI_1,0.7422895974908521,False
FOODS_3_610,WI_2,2.050182958703607,True
FOODS_3_610,WI_3,1.602718243596445,True
FOODS_3_614,CA_1,3.198640878201777,True
FOODS_3_614,CA_2,2.882383690538421,True
FOODS_3_614,CA_3,3.624150548876111,True
FOODS_3_614,CA_4,1.7506534239414533,True
FOODS_3_614,TX_1,1.5802404600104547,True
FOODS_3_614,TX_2,3.32723470987977,True
FOODS_3_614,TX_3,1.560376372190277,True
FOODS_3_614,WI_1,2.5180345007841085,True
FOODS_3_614,WI_2,1.812336644014637,True
FOODS_3_614,WI_3,2.2822791427077886,True
FOODS_3_622,CA_1,0.8003136434918976,False
FOODS_3_622,CA_2,0.5002613695765813,False
FOODS_3_622,CA_3,0.7527443805541035,False
FOODS_3_622,CA_4,0.3993727130162049,False
FOODS_3_622,TX_1,0.2838473601672765,False
FOODS_3_622,TX_2,0.3883951907997909,False
FOODS_3_622,TX_3,0.2122320961840041,False
FOODS_3_622,WI_1,0.5619445896497648,False
FOODS_3_622,WI_2,0.5426032409827496,False
FOODS_3_622,WI_3,0.5253528489283847,False
FOODS_3_623,CA_1,0.6821745948771563,False
FOODS_3_623,CA_2,0.2995295347621536,False
FOODS_3_623,CA_3,0.4239414532148458,False
FOODS_3_623,CA_4,0.3397804495556717,False
FOODS_3_623,TX_1,0.1176163094615786,False
FOODS_3_623,TX_2,0.2090956612650287,False
FOODS_3_623,TX_3,0.1217982226868792,False
FOODS_3_623,WI_1,0.3899634082592786,False
FOODS_3_623,WI_2,0.2373235755358076,False
FOODS_3_623,WI_3,0.3220073183481443,False
FOODS_3_625,CA_1,1.5854678515420806,True
FOODS_3_625,CA_2,0.5232618923157345,False
FOODS_3_625,CA_3,0.8944066910611604,False
FOODS_3_625,CA_4,1.0052273915316257,False
FOODS_3_625,TX_1,0.0773653946680606,False
FOODS_3_625,TX_2,0.1740721380031364,False
FOODS_3_625,TX_3,0.1045478306325143,False
FOODS_3_625,WI_1,0.6419236800836383,False
FOODS_3_625,WI_2,0.5624673288029274,False
FOODS_3_625,WI_3,0.5169890224777836,False
FOODS_3_630,CA_1,0.5755358076319916,False
FOODS_3_630,CA_2,0.4668060637741766,False
FOODS_3_630,CA_3,0.4422373235755358,False
FOODS_3_630,CA_4,0.3026659696811291,False
FOODS_3_630,TX_1,0.1881860951385258,False
FOODS_3_630,TX_2,0.4228959749085206,False
FOODS_3_630,TX_3,0.2049137480397281,False
FOODS_3_630,WI_1,0.2749607945635128,False
FOODS_3_630,WI_2,0.2901202300052274,False
FOODS_3_630,WI_3,0.2101411395713538,False
FOODS_3_632,CA_1,1.948248823836905,True
FOODS_3_632,CA_2,1.0632514375326712,False
FOODS_3_632,CA_3,3.07318348144276,True
FOODS_3_632,CA_4,1.0653423941453215,False
FOODS_3_632,TX_1,1.1772085729221118,False
FOODS_3_632,TX_2,0.9440669106116047,False
FOODS_3_632,TX_3,0.8541557762676425,False
FOODS_3_632,WI_1,0.4777835859905907,False
FOODS_3_632,WI_2,1.1050705697856769,False
FOODS_3_632,WI_3,1.0522739153162572,False
FOODS_3_641,CA_1,0.7929952953476216,False
FOODS_3_641,CA_2,0.2807109252483011,False
FOODS_3_641,CA_3,0.5859905906952431,False
FOODS_3_641,CA_4,0.5682174594877156,False
FOODS_3_641,TX_1,0.1176163094615786,False
FOODS_3_641,TX_2,0.2347098797699947,False
FOODS_3_641,TX_3,0.1887088342916884,False
FOODS_3_641,WI_1,0.330893883951908,False
FOODS_3_641,WI_2,0.3115525352848928,False
FOODS_3_641,WI_3,0.1515943544171458,False
FOODS_3_648,CA_1,0.6921066387872452,False
FOODS_3_648,CA_2,0.9116570831155254,False
FOODS_3_648,CA_3,2.4756926293779404,True
FOODS_3_648,CA_4,0.3857814950339781,False
FOODS_3_648,TX_1,1.0020909566126504,False
FOODS_3_648,TX_2,1.3099843178254051,False
FOODS_3_648,TX_3,0.5436487192890748,False
FOODS_3_648,WI_1,1.441714584422373,False
FOODS_3_648,WI_2,1.9053842132775745,True
FOODS_3_648,WI_3,1.4375326711970726,False
FOODS_3_656,CA_1,1.0679560899111344,False
FOODS_3_656,CA_2,1.096706743335076,False
FOODS_3_656,CA_3,1.4234187140616832,False
FOODS_3_656,CA_4,0.9691583899634084,False
FOODS_3_656,TX_1,0.5849451123889179,False
FOODS_3_656,TX_2,0.6487192890747517,False
FOODS_3_656,TX_3,1.059069524307371,False
FOODS_3_656,WI_1,1.3716675378985883,False
FOODS_3_656,WI_2,1.63617354939885,True
FOODS_3_656,WI_3,0.9884997386304234,False
FOODS_3_671,CA_1,1.264506011500261,False
FOODS_3_671,CA_2,1.0125457396759017,False
FOODS_3_671,CA_3,0.9979090433873498,False
FOODS_3_671,CA_4,0.7109252483010977,False
FOODS_3_671,TX_1,0.7673810768426556,False
FOODS_3_671,TX_2,1.1970726607422897,False
FOODS_3_671,TX_3,1.1118661787767905,False
FOODS_3_671,WI_1,0.9879769994772608,False
FOODS_3_671,WI_2,1.3789858860428643,False
FOODS_3_671,WI_3,1.2953476215368531,False
FOODS_3_683,CA_1,1.878724516466284,True
FOODS_3_683,CA_2,1.0611604809200208,False
FOODS_3_683,CA_3,2.165708311552536,True
FOODS_3_683,CA_4,0.5734448510193414,False
FOODS_3_683,TX_1,1.0700470465237846,False
FOODS_3_683,TX_2,1.334553058024046,False
FOODS_3_683,TX_3,0.9111343439623628,False
FOODS_3_683,WI_1,0.5739675901725039,False
FOODS_3_683,WI_2,0.8661787767903816,False
FOODS_3_683,WI_3,0.698379508625196,False
FOODS_3_712,CA_1,1.0020909566126504,False
FOODS_3_712,CA_2,0.886565603763722,False
FOODS_3_712,CA_3,1.9613173026659696,True
FOODS_3_712,CA_4,0.7872451646628332,False
FOODS_3_712,TX_1,0.7621536853110298,False
FOODS_3_712,TX_2,0.92681651855724,False
FOODS_3_712,TX_3,0.6664924202822792,False
FOODS_3_712,WI_1,0.661787767903816,False
FOODS_3_712,WI_2,0.7433350757971772,False
FOODS_3_712,WI_3,0.8640878201777313,False
FOODS_3_725,CA_1,4.424986931521171,True
FOODS_3_725,CA_2,2.324621014113957,True
FOODS_3_725,CA_3,4.018818609513852,True
FOODS_3_725,CA_4,1.78044955567172,True
FOODS_3_725,TX_1,0.6675378985886042,False
FOODS_3_725,TX_2,1.0062728698379508,False
FOODS_3_725,TX_3,0.6565603763721902,False
FOODS_3_725,WI_1,1.2383690538421328,False
FOODS_3_725,WI_2,1.2984840564558289,False
FOODS_3_725,WI_3,1.301620491374804,False
FOODS_3_726,CA_1,0.6659696811291166,False
FOODS_3_726,CA_2,0.8593831677992682,False
FOODS_3_726,CA_3,1.2963930998431783,False
FOODS_3_726,CA_4,0.3439623627809723,False
FOODS_3_726,TX_1,0.6189231573444851,False
FOODS_3_726,TX_2,0.6314688970203868,False
FOODS_3_726,TX_3,0.4370099320439101,False
FOODS_3_726,WI_1,0.4066910611604809,False
FOODS_3_726,WI_2,0.5629900679560899,False
FOODS_3_726,WI_3,0.4370099320439101,False
FOODS_3_733,CA_1,0.5687401986408782,False
FOODS_3_733,CA_2,0.4197595399895452,False
FOODS_3_733,CA_3,0.6769472033455306,False
FOODS_3_733,CA_4,0.1761630946157867,False
FOODS_3_733,TX_1,1.0052273915316257,False
FOODS_3_733,TX_2,0.5969681129116571,False
FOODS_3_733,TX_3,0.560376372190277,False
FOODS_3_733,WI_1,0.3444851019341348,False
FOODS_3_733,WI_2,1.333507579717721,False
FOODS_3_733,WI_3,0.6356508102456874,False
FOODS_3_747,CA_1,1.6053319393622585,True
FOODS_3_747,CA_2,1.007318348144276,False
FOODS_3_747,CA_3,1.8970203868269733,True
FOODS_3_747,CA_4,1.2326189231573446,False
FOODS_3_747,TX_1,0.1150026136957658,False
FOODS_3_747,TX_2,0.3883951907997909,False
FOODS_3_747,TX_3,0.2179822268687924,False
FOODS_3_747,WI_1,1.7809722948248825,True
FOODS_3_747,WI_2,0.909566126502875,False
FOODS_3_747,WI_3,0.6152639832723471,False
FOODS_3_752,CA_1,6.639832723470988,True
FOODS_3_752,CA_2,5.7794040773653945,True
FOODS_3_752,CA_3,23.074228959749085,True
FOODS_3_752,CA_4,3.729221118661788,True
FOODS_3_752,TX_1,9.336121275483531,True
FOODS_3_752,TX_2,9.232618923157345,True
FOODS_3_752,TX_3,8.021955044432827,True
FOODS_3_752,WI_1,6.023523261892316,True
FOODS_3_752,WI_2,18.30266596968113,True
FOODS_3_752,WI_3,15.578149503397803,True
FOODS_3_753,CA_1,4.301097752221642,True
FOODS_3_753,CA_2,2.870360690015682,True
FOODS_3_753,CA_3,4.89022477783586,True
FOODS_3_753,CA_4,2.362258233141662,True
FOODS_3_753,TX_1,2.5938316779926818,True
FOODS_3_753,TX_2,3.86983795086252,True
FOODS_3_753,TX_3,2.1181390486147413,True
FOODS_3_753,WI_1,2.994249869315212,True
FOODS_3_753,WI_2,2.1620491374803974,True
FOODS_3_753,WI_3,2.090433873497125,True
FOODS_3_755,CA_1,12.076842655514898,True
FOODS_3_755,CA_2,6.080501829587036,True
FOODS_3_755,CA_3,9.373235755358076,True
FOODS_3_755,CA_4,5.191322530057501,True
FOODS_3_755,TX_1,2.1312075274438054,True
FOODS_3_755,TX_2,2.866178776790381,True
FOODS_3_755,TX_3,1.5211709357030845,True
FOODS_3_755,WI_1,3.3946680606377417,True
FOODS_3_755,WI_2,2.1787767903816,True
FOODS_3_755,WI_3,3.7987454260324096,True
FOODS_3_764,CA_1,10.417145844223732,True
FOODS_3_764,CA_2,5.605854678515421,True
FOODS_3_764,CA_3,16.710402509147936,True
FOODS_3_764,CA_4,3.622582331416623,True
FOODS_3_764,TX_1,7.32723470987977,True
FOODS_3_764,TX_2,9.223209618400418,True
FOODS_3_764,TX_3,5.988499738630424,True
FOODS_3_764,WI_1,5.690538421327758,True
FOODS_3_764,WI_2,6.884997386304234,True
FOODS_3_764,WI_3,8.78044955567172,True
FOODS_3_784,CA_1,1.3732357553580763,False
FOODS_3_784,CA_2,1.0763199163617354,False
FOODS_3_784,CA_3,1.1275483533716677,False
FOODS_3_784,CA_4,0.893883951907998,False
FOODS_3_784,TX_1,0.4918975431259801,False
FOODS_3_784,TX_2,0.6623105070569786,False
FOODS_3_784,TX_3,0.323575535807632,False
FOODS_3_784,WI_1,1.2948248823836903,False
FOODS_3_784,WI_2,0.9294302143230528,False
FOODS_3_784,WI_3,1.2754835337166754,False
FOODS_3_786,CA_1,2.4072138003136434,True
FOODS_3_786,CA_2,1.0282279142707789,False
FOODS_3_786,CA_3,2.995295347621537,True
FOODS_3_786,CA_4,1.058546785154208,False
FOODS_3_786,TX_1,0.9221118661787768,False
FOODS_3_786,TX_2,1.723993727130162,True
FOODS_3_786,TX_3,1.1552535284892838,False
FOODS_3_786,WI_1,1.56508102456874,True
FOODS_3_786,WI_2,1.3193936225823315,False
FOODS_3_786,WI_3,1.4035546262415055,False
FOODS_3_801,CA_1,2.3010977522216414,True
FOODS_3_801,CA_2,2.7945635128071094,True
FOODS_3_801,CA_3,4.721902770517512,True
FOODS_3_801,CA_4,1.4479874542603242,False
FOODS_3_801,TX_1,3.10559330893884,True
FOODS_3_801,TX_2,2.573967590172504,True
FOODS_3_801,TX_3,4.14218504966022,True
FOODS_3_801,WI_1,1.7673810768426554,True
FOODS_3_801,WI_2,4.558808154730789,True
FOODS_3_801,WI_3,2.5049660219550445,True
FOODS_3_814,CA_1,2.180345007841088,True
FOODS_3_814,CA_2,1.753267119707266,True
FOODS_3_814,CA_3,2.403554626241505,True
FOODS_3_814,CA_4,1.4887611082070047,False
FOODS_3_814,TX_1,1.1578672242550967,False
FOODS_3_814,TX_2,1.4448510193413486,False
FOODS_3_814,TX_3,1.5436487192890749,True
FOODS_3_814,WI_1,2.715107161526398,True
FOODS_3_814,WI_2,3.67276529012023,True
FOODS_3_814,WI_3,2.5253528489283847,True
FOODS_3_816,CA_1,3.039205436487193,True
FOODS_3_816,CA_2,1.2676424464192368,False
FOODS_3_816,CA_3,8.025091479351804,True
FOODS_3_816,CA_4,1.0815473078933613,False
FOODS_3_816,TX_1,4.115002613695766,True
FOODS_3_816,TX_2,5.668583376894929,True
FOODS_3_816,TX_3,3.2247778358599057,True
FOODS_3_816,WI_1,2.1824359644537377,True
FOODS_3_816,WI_2,13.104025091479352,True
FOODS_3_816,WI_3,7.5211709357030845,True
FOODS_3_817,CA_1,0.9660219550444328,False
FOODS_3_817,CA_2,0.7182435964453737,False
FOODS_3_817,CA_3,0.9686356508102456,False
FOODS_3_817,CA_4,0.6110820700470465,False
FOODS_3_817,TX_1,0.4380554103502352,False
FOODS_3_817,TX_2,0.8452692106638787,False
FOODS_3_817,TX_3,0.3000522739153162,False
FOODS_3_817,WI_1,0.7083115525352849,False
FOODS_3_817,WI_2,0.7286983795086251,False
FOODS_3_817,WI_3,0.5169890224777836,False
FOODS_3_818,CA_1,2.1871406168322007,True
FOODS_3_818,CA_2,1.3497124934657605,False
FOODS_3_818,CA_3,3.757449032932567,True
FOODS_3_818,CA_4,1.8489283847360167,True
FOODS_3_818,TX_1,1.371144798745426,False
FOODS_3_818,TX_2,2.0737062205959225,True
FOODS_3_818,TX_3,1.4600104547830632,False
FOODS_3_818,WI_1,1.6387872451646628,True
FOODS_3_818,WI_2,1.7746994249869317,True
FOODS_3_818,WI_3,1.2310507056978568,False
FOODS_3_820,CA_1,1.987976999477261,True
FOODS_3_820,CA_2,0.6450601150026137,False
FOODS_3_820,CA_3,1.973340303188709,True
FOODS_3_820,CA_4,1.0637741766858335,False
FOODS_3_820,TX_1,1.2153685311029796,False
FOODS_3_820,TX_2,1.5635128071092526,True
FOODS_3_820,TX_3,1.291688447464715,False
FOODS_3_820,WI_1,1.41871406168322,False
FOODS_3_820,WI_2,3.2530057501306846,True
FOODS_3_820,WI_3,1.545739675901725,True
FOODS_3_827,CA_1,0.8102456874019864,False
FOODS_3_827,CA_2,0.5122843700993205,False
FOODS_3_827,CA_3,1.3444851019341348,False
FOODS_3_827,CA_4,0.0486147412441191,False
FOODS_3_827,TX_1,0.2106638787245164,False
FOODS_3_827,TX_2,0.1003659174072138,False
FOODS_3_827,TX_3,0.3444851019341348,False
FOODS_3_827,WI_1,1.4281233664401465,False
FOODS_3_827,WI_2,0.4532148457919498,False
FOODS_3_827,WI_3,0.694720334553058,False
HOBBIES_1_008,CA_1,7.229482488238369,True
HOBBIES_1_008,CA_2,4.1322530057501305,True
HOBBIES_1_008,CA_3,8.714584422373235,True
HOBBIES_1_008,CA_4,4.783063251437532,True
HOBBIES_1_008,TX_1,2.959749085206482,True
HOBBIES_1_008,TX_2,5.241505488761108,True
HOBBIES_1_008,TX_3,2.5771040250914794,True
HOBBIES_1_008,WI_1,4.731312075274438,True
HOBBIES_1_008,WI_2,2.9775222164140094,True
HOBBIES_1_008,WI_3,2.468897020386827,True
HOBBIES_1_014,CA_1,1.2535284892838474,False
HOBBIES_1_014,CA_2,0.9215891270256142,False
HOBBIES_1_014,CA_3,3.3021432305279665,True
HOBBIES_1_014,CA_4,1.3220073183481442,False
HOBBIES_1_014,TX_1,1.607945635128071,True
HOBBIES_1_014,TX_2,2.8013591217982228,True
HOBBIES_1_014,TX_3,2.023523261892316,True
HOBBIES_1_014,WI_1,2.1374803972817564,True
HOBBIES_1_014,WI_2,2.5060115002613697,True
HOBBIES_1_014,WI_3,1.6053319393622585,True
HOBBIES_1_015,CA_1,6.064819654992159,True
HOBBIES_1_015,CA_2,7.295870360690015,True
HOBBIES_1_015,CA_3,9.215891270256142,True
HOBBIES_1_015,CA_4,5.118661787767904,True
HOBBIES_1_015,TX_1,2.782017773131208,True
HOBBIES_1_015,TX_2,3.399895452169368,True
HOBBIES_1_015,TX_3,4.129639309984317,True
HOBBIES_1_015,WI_1,2.367485624673288,True
HOBBIES_1_015,WI_2,1.2948248823836903,False
HOBBIES_1_015,WI_3,2.523784631468897,True
HOBBIES_1_019,CA_1,4.731834814427601,True
HOBBIES_1_019,CA_2,2.825405122843701,True
HOBBIES_1_019,CA_3,7.411918452692107,True
HOBBIES_1_019,CA_4,3.019341348667015,True
HOBBIES_1_019,TX_1,1.976476738107684,True
HOBBIES_1_019,TX_2,1.932566649242028,True
HOBBIES_1_019,TX_3,0.2472556194458965,False
HOBBIES_1_019,WI_1,2.598013591217982,True
HOBBIES_1_019,WI_2,0.8499738630423419,False
HOBBIES_1_019,WI_3,2.1578672242550967,True
HOBBIES_1_023,CA_1,1.123366440146367,False
HOBBIES_1_023,CA_2,0.8285415577626765,False
HOBBIES_1_023,CA_3,1.505488761108207,True
HOBBIES_1_023,CA_4,0.4584422373235755,False
HOBBIES_1_023,TX_1,1.3005750130684788,False
HOBBIES_1_023,TX_2,1.9273392577104025,True
HOBBIES_1_023,TX_3,2.511238891792995,True
HOBBIES_1_023,WI_1,0.1772085729221118,False
HOBBIES_1_023,WI_2,0.5159435441714585,False
HOBBIES_1_023,WI_3,0.5284892838473602,False
HOBBIES_1_038,CA_1,0.3951907997909043,False
HOBBIES_1_038,CA_2,0.2990067956089911,False
HOBBIES_1_038,CA_3,0.4035546262415055,False
HOBBIES_1_038,CA_4,0.1897543125980136,False
HOBBIES_1_038,TX_1,0.203868269733403,False
HOBBIES_1_038,TX_2,0.4626241505488761,False
HOBBIES_1_038,TX_3,0.2650287506534239,False
HOBBIES_1_038,WI_1,0.2566649242028228,False
HOBBIES_1_038,WI_2,0.2634605331939362,False
HOBBIES_1_038,WI_3,0.3627809722948248,False
HOBBIES_1_039,CA_1,0.1029796131730266,False
HOBBIES_1_039,CA_2,0.0684788290642969,False
HOBBIES_1_039,CA_3,0.0789336121275483,False
HOBBIES_1_039,CA_4,0.0496602195504443,False
HOBBIES_1_039,TX_1,0.0872974385781495,False
HOBBIES_1_039,TX_2,0.1604809200209095,False
HOBBIES_1_039,TX_3,0.1474124411918452,False
HOBBIES_1_039,WI_1,0.0517511761630946,False
HOBBIES_1_039,WI_2,0.0920020909566126,False
HOBBIES_1_039,WI_3,0.0575013068478829,False
HOBBIES_1_040,CA_1,0.6048092002090957,False
HOBBIES_1_040,CA_2,0.5535807631991636,False
HOBBIES_1_040,CA_3,1.2812336644014637,False
HOBBIES_1_040,CA_4,0.6670151594354418,False
HOBBIES_1_040,TX_1,0.8504966021955045,False
HOBBIES_1_040,TX_2,1.6649242028227915,True
HOBBIES_1_040,TX_3,1.479874542603241,False
HOBBIES_1_040,WI_1,0.3643491897543126,False
HOBBIES_1_040,WI_2,0.3789858860428646,False
HOBBIES_1_040,WI_3,0.3617354939884997,False
HOBBIES_1_044,CA_1,0.9519079979090432,False
HOBBIES_1_044,CA_2,0.5687401986408782,False
HOBBIES_1_044,CA_3,1.0052273915316257,False
HOBBIES_1_044,CA_4,0.5933089388395191,False
HOBBIES_1_044,TX_1,0.3031887088342916,False
HOBBIES_1_044,TX_2,0.6366962885520125,False
HOBBIES_1_044,TX_3,0.3648719289074751,False
HOBBIES_1_044,WI_1,0.3094615786722425,False
HOBBIES_1_044,WI_2,0.40041819132253,False
HOBBIES_1_044,WI_3,0.7067433350757972,False
HOBBIES_1_047,CA_1,1.1667537898588605,False
HOBBIES_1_047,CA_2,0.8703606900156822,False
HOBBIES_1_047,CA_3,1.0130684788290645,False
HOBBIES_1_047,CA_4,0.7109252483010977,False
HOBBIES_1_047,TX_1,0.7114479874542603,False
HOBBIES_1_047,TX_2,0.560376372190277,False
HOBBIES_1_047,TX_3,0.5838996340825928,False
HOBBIES_1_047,WI_1,0.9221118661787768,False
HOBBIES_1_047,WI_2,0.4443282801881861,False
HOBBIES_1_047,WI_3,0.6461055933089388,False
HOBBIES_1_055,CA_1,1.6743335075797177,True
HOBBIES_1_055,CA_2,0.9519079979090432,False
HOBBIES_1_055,CA_3,2.1191845269210665,True
HOBBIES_1_055,CA_4,1.0564558285415575,False
HOBBIES_1_055,TX_1,0.9696811291165708,False
HOBBIES_1_055,TX_2,1.424986931521171,False
HOBBIES_1_055,TX_3,1.0726607422895975,False
HOBBIES_1_055,WI_1,0.2174594877156299,False
HOBBIES_1_055,WI_2,0.5791949817041296,False
HOBBIES_1_055,WI_3,0.5723993727130162,False
HOBBIES_1_062,CA_1,0.0611604809200209,False
HOBBIES_1_062,CA_2,0.0627286983795086,False
HOBBIES_1_062,CA_3,0.0825927861996863,False
HOBBIES_1_062,CA_4,0.0486147412441191,False
HOBBIES_1_062,TX_1,0.0313643491897543,False
HOBBIES_1_062,TX_2,0.080501829587036,False
HOBBIES_1_062,TX_3,0.0700470465237846,False
HOBBIES_1_062,WI_1,0.0543648719289074,False
HOBBIES_1_062,WI_2,0.0637741766858337,False
HOBBIES_1_062,WI_3,0.0371144798745426,False
HOBBIES_1_072,CA_1,0.5901725039205437,False
HOBBIES_1_072,CA_2,0.6116048092002091,False
HOBBIES_1_072,CA_3,0.8625196027182436,False
HOBBIES_1_072,CA_4,0.1369576581285938,False
HOBBIES_1_072,TX_1,0.2812336644014637,False
HOBBIES_1_072,TX_2,1.074751698902248,False
HOBBIES_1_072,TX_3,0.3282801881860951,False
HOBBIES_1_072,WI_1,0.5514898065865134,False
HOBBIES_1_072,WI_2,0.2723470987976999,False
HOBBIES_1_072,WI_3,0.8212232096184005,False
HOBBIES_1_076,CA_1,0.5906952430737062,False
HOBBIES_1_076,CA_2,0.378463146889702,False
HOBBIES_1_076,CA_3,0.9006795608991114,False
HOBBIES_1_076,CA_4,0.2179822268687924,False
HOBBIES_1_076,TX_1,0.6231050705697857,False
HOBBIES_1_076,TX_2,0.915838996340826,False
HOBBIES_1_076,TX_3,0.9336121275483532,False
HOBBIES_1_076,WI_1,0.2263460533193936,False
HOBBIES_1_076,WI_2,0.2859383167799268,False
HOBBIES_1_076,WI_3,0.3434396236278097,False
HOBBIES_1_083,CA_1,0.1955044432828019,False
HOBBIES_1_083,CA_2,0.1442760062728698,False
HOBBIES_1_083,CA_3,0.1489806586513329,False
HOBBIES_1_083,CA_4,0.1447987454260324,False
HOBBIES_1_083,TX_1,0.0423418714061683,False
HOBBIES_1_083,TX_2,0.0893883951907997,False
HOBBIES_1_083,TX_3,0.0418191322530057,False
HOBBIES_1_083,WI_1,0.1542080501829587,False
HOBBIES_1_083,WI_2,0.0940930475692629,False
HOBBIES_1_083,WI_3,0.0334553058024046,False
HOBBIES_1_084,CA_1,0.865656037637219,False
HOBBIES_1_084,CA_2,0.4992158912702561,False
HOBBIES_1_084,CA_3,0.8128593831677993,False
HOBBIES_1_084,CA_4,0.7846314688970204,False
HOBBIES_1_084,TX_1,0.4840564558285415,False
HOBBIES_1_084,TX_2,0.5985363303711448,False
HOBBIES_1_084,TX_3,0.5703084161003659,False
HOBBIES_1_084,WI_1,0.6602195504443282,False
HOBBIES_1_084,WI_2,0.4270778881338212,False
HOBBIES_1_084,WI_3,0.639832723470988,False
HOBBIES_1_091,CA_1,0.3355985363303711,False
HOBBIES_1_091,CA_2,0.2090956612650287,False
HOBBIES_1_091,CA_3,0.352848928384736,False
HOBBIES_1_091,CA_4,0.4359644537375849,False
HOBBIES_1_091,TX_1,0.0737062205959226,False
HOBBIES_1_091,TX_2,0.1291165708311552,False
HOBBIES_1_091,TX_3,0.1824359644537375,False
HOBBIES_1_091,WI_1,0.1071615263983272,False
HOBBIES_1_091,WI_2,0.0789336121275483,False
HOBBIES_1_091,WI_3,0.1385258755880815,False
HOBBIES_1_121,CA_1,0.3721902770517512,False
HOBBIES_1_121,CA_2,0.1677992681651855,False
HOBBIES_1_121,CA_3,0.2671197072660742,False
HOBBIES_1_121,CA_4,0.5687401986408782,False
HOBBIES_1_121,TX_1,0.200209095661265,False
HOBBIES_1_121,TX_2,0.1353894406691061,False
HOBBIES_1_121,TX_3,0.1740721380031364,False
HOBBIES_1_121,WI_1,0.185572399372713,False
HOBBIES_1_121,WI_2,0.0810245687401986,False
HOBBIES_1_121,WI_3,0.1353894406691061,False
HOBBIES_1_125,CA_1,0.1285938316779926,False
HOBBIES_1_125,CA_2,0.095138525875588,False
HOBBIES_1_125,CA_3,0.0444328280188186,False
HOBBIES_1_125,CA_4,0.0799790904338735,False
HOBBIES_1_125,TX_1,0.0386826973340303,False
HOBBIES_1_125,TX_2,0.0893883951907997,False
HOBBIES_1_125,TX_3,0.0162049137480397,False
HOBBIES_1_125,WI_1,0.1076842655514898,False
HOBBIES_1_125,WI_2,0.0470465237846314,False
HOBBIES_1_125,WI_3,0.032932566649242,False
HOBBIES_1_140,CA_1,0.3460533193936226,False
HOBBIES_1_140,CA_2,0.247778358599059,False
HOBBIES_1_140,CA_3,0.3998954521693675,False
HOBBIES_1_140,CA_4,0.3826450601150026,False
HOBBIES_1_140,TX_1,0.1960271824359644,False
HOBBIES_1_140,TX_2,0.2462101411395713,False
HOBBIES_1_140,TX_3,0.3026659696811291,False
HOBBIES_1_140,WI_1,0.1045478306325143,False
HOBBIES_1_140,WI_2,0.1165708311552535,False
HOBBIES_1_140,WI_3,0.2890747516989022,False
HOBBIES_1_151,CA_1,0.7088342916884475,False
HOBBIES_1_151,CA_2,0.5744903293256665,False
HOBBIES_1_151,CA_3,1.0345007841087297,False
HOBBIES_1_151,CA_4,0.6001045478306325,False
HOBBIES_1_151,TX_1,0.6680606377417668,False
HOBBIES_1_151,TX_2,0.5682174594877156,False
HOBBIES_1_151,TX_3,0.490852064819655,False
HOBBIES_1_151,WI_1,0.8212232096184005,False
HOBBIES_1_151,WI_2,0.2749607945635128,False
HOBBIES_1_151,WI_3,0.9283847360167276,False
HOBBIES_1_154,CA_1,1.113434396236278,False
HOBBIES_1_154,CA_2,0.4704652378463146,False
HOBBIES_1_154,CA_3,0.6079456351280711,False
HOBBIES_1_154,CA_4,1.0015682174594878,False
HOBBIES_1_154,TX_1,0.3476215368531103,False
HOBBIES_1_154,TX_2,0.2995295347621536,False
HOBBIES_1_154,TX_3,0.6894929430214323,False
HOBBIES_1_154,WI_1,0.8123366440146367,False
HOBBIES_1_154,WI_2,0.3690538421327757,False
HOBBIES_1_154,WI_3,0.1907997909043387,False
HOBBIES_1_155,CA_1,1.501829587036069,True
HOBBIES_1_155,CA_2,0.7511761630946158,False
HOBBIES_1_155,CA_3,1.1568217459487715,False
HOBBIES_1_155,CA_4,0.7428123366440146,False
HOBBIES_1_155,TX_1,0.2347098797699947,False
HOBBIES_1_155,TX_2,0.4396236278097229,False
HOBBIES_1_155,TX_3,0.4323052796654469,False
HOBBIES_1_155,WI_1,0.0872974385781495,False
HOBBIES_1_155,WI_2,0.6262415054887611,False
HOBBIES_1_155,WI_3,0.1515943544171458,False
HOBBIES_1_161,CA_1,0.3319393622582331,False
HOBBIES_1_161,CA_2,0.1996863565081024,False
HOBBIES_1_161,CA_3,0.3094615786722425,False
HOBBIES_1_161,CA_4,0.4736016727652901,False
HOBBIES_1_161,TX_1,0.1249346576058546,False
HOBBIES_1_161,TX_2,0.1474124411918452,False
HOBBIES_1_161,TX_3,0.1657083115525353,False
HOBBIES_1_161,WI_1,0.1244119184526921,False
HOBBIES_1_161,WI_2,0.0930475692629378,False
HOBBIES_1_161,WI_3,0.189231573444851,False
HOBBIES_1_169,CA_1,4.774699424986932,True
HOBBIES_1_169,CA_2,3.553580763199164,True
HOBBIES_1_169,CA_3,2.309984317825405,True
HOBBIES_1_169,CA_4,1.9127025614218505,True
HOBBIES_1_169,TX_1,1.2530057501306848,False
HOBBIES_1_169,TX_2,1.6063774176685834,True
HOBBIES_1_169,TX_3,0.6231050705697857,False
HOBBIES_1_169,WI_1,3.8776790381599584,True
HOBBIES_1_169,WI_2,1.1008886565603764,False
HOBBIES_1_169,WI_3,2.192890747516989,True
HOBBIES_1_170,CA_1,0.1657083115525353,False
HOBBIES_1_170,CA_2,0.1217982226868792,False
HOBBIES_1_170,CA_3,0.1008886565603763,False
HOBBIES_1_170,CA_4,0.0151594354417145,False
HOBBIES_1_170,TX_1,0.0230005227391531,False
HOBBIES_1_170,TX_2,0.0601150026136957,False
HOBBIES_1_170,TX_3,0.0407736539466806,False
HOBBIES_1_170,WI_1,0.1662310507056978,False
HOBBIES_1_170,WI_2,0.0888656560376372,False
HOBBIES_1_170,WI_3,0.0067956089911134,False
HOBBIES_1_177,CA_1,1.0679560899111344,False
HOBBIES_1_177,CA_2,0.3450078410872974,False
HOBBIES_1_177,CA_3,1.195504443282802,False
HOBBIES_1_177,CA_4,0.7004704652378463,False
HOBBIES_1_177,TX_1,0.3983272347098798,False
HOBBIES_1_177,TX_2,0.6257187663355985,False
HOBBIES_1_177,TX_3,0.5807631991636174,False
HOBBIES_1_177,WI_1,0.6236278097229483,False
HOBBIES_1_177,WI_2,0.2394145321484579,False
HOBBIES_1_177,WI_3,0.4270778881338212,False
HOBBIES_1_185,CA_1,0.3246210141139571,False
HOBBIES_1_185,CA_2,0.2864610559330894,False
HOBBIES_1_185,CA_3,0.564035546262415,False
HOBBIES_1_185,CA_4,0.2049137480397281,False
HOBBIES_1_185,TX_1,0.1913225300575013,False
HOBBIES_1_185,TX_2,0.2922111866178777,False
HOBBIES_1_185,TX_3,0.2420282279142707,False
HOBBIES_1_185,WI_1,0.2692106638787245,False
HOBBIES_1_185,WI_2,0.0773653946680606,False
HOBBIES_1_185,WI_3,0.2728698379508625,False
HOBBIES_1_189,CA_1,6.4396236278097225,True
HOBBIES_1_189,CA_2,3.8212232096184,True
HOBBIES_1_189,CA_3,3.513852587558808,True
HOBBIES_1_189,CA_4,2.391531625718766,True
HOBBIES_1_189,TX_1,1.7647673810768427,True
HOBBIES_1_189,TX_2,1.5635128071092526,True
HOBBIES_1_189,TX_3,1.964453737584945,True
HOBBIES_1_189,WI_1,3.900679560899112,True
HOBBIES_1_189,WI_2,2.104025091479352,True
HOBBIES_1_189,WI_3,2.684788290642969,True
HOBBIES_1_190,CA_1,0.0737062205959226,False
HOBBIES_1_190,CA_2,0.0998431782540512,False
HOBBIES_1_190,CA_3,0.0690015682174595,False
HOBBIES_1_190,CA_4,0.0825927861996863,False
HOBBIES_1_190,TX_1,0.040250914793518,False
HOBBIES_1_190,TX_2,0.0632514375326711,False
HOBBIES_1_190,TX_3,0.0496602195504443,False
HOBBIES_1_190,WI_1,0.0956612650287506,False
HOBBIES_1_190,WI_2,0.0611604809200209,False
HOBBIES_1_190,WI_3,0.0381599581808677,False
HOBBIES_1_193,CA_1,0.4573967590172504,False
HOBBIES_1_193,CA_2,0.106116048092002,False
HOBBIES_1_193,CA_3,0.0846837428123366,False
HOBBIES_1_193,CA_4,0.5248301097752222,False
HOBBIES_1_193,TX_1,0.1238891792995295,False
HOBBIES_1_193,TX_2,0.3507579717720857,False
HOBBIES_1_193,TX_3,0.6450601150026137,False
HOBBIES_1_193,WI_1,0.2268687924725562,False
HOBBIES_1_193,WI_2,0.1134343962362781,False
HOBBIES_1_193,WI_3,0.0836382645060115,False
HOBBIES_1_195,CA_1,0.647151071615264,False
HOBBIES_1_195,CA_2,0.4328280188186095,False
HOBBIES_1_195,CA_3,0.2603240982749608,False
HOBBIES_1_195,CA_4,0.4312598013591218,False
HOBBIES_1_195,TX_1,0.1594354417145844,False
HOBBIES_1_195,TX_2,0.2388917929952953,False
HOBBIES_1_195,TX_3,0.2780972294824882,False
HOBBIES_1_195,WI_1,0.5033978044955567,False
HOBBIES_1_195,WI_2,0.2216414009409305,False
HOBBIES_1_195,WI_3,0.2143230527966544,False
HOBBIES_1_210,CA_1,0.1756403554626241,False
HOBBIES_1_210,CA_2,0.6424464192368008,False
HOBBIES_1_210,CA_3,0.6178776790381599,False
HOBBIES_1_210,CA_4,0.3810768426555149,False
HOBBIES_1_210,TX_1,0.5258755880815473,False
HOBBIES_1_210,TX_2,1.0334553058024043,False
HOBBIES_1_210,TX_3,0.4228959749085206,False
HOBBIES_1_210,WI_1,0.3131207527443805,False
HOBBIES_1_210,WI_2,0.3000522739153162,False
HOBBIES_1_210,WI_3,0.2974385781495034,False
HOBBIES_1_220,CA_1,0.389440669106116,False
HOBBIES_1_220,CA_2,0.3042341871406168,False
HOBBIES_1_220,CA_3,0.2232096184004182,False
HOBBIES_1_220,CA_4,0.1087297438578149,False
HOBBIES_1_220,TX_1,0.1787767903815995,False
HOBBIES_1_220,TX_2,0.5661265028750654,False
HOBBIES_1_220,TX_3,0.1526398327234709,False
HOBBIES_1_220,WI_1,1.1641400940930475,False
HOBBIES_1_220,WI_2,0.2420282279142707,False
HOBBIES_1_220,WI_3,0.4736016727652901,False
HOBBIES_1_226,CA_1,0.7564035546262415,False
HOBBIES_1_226,CA_2,0.4411918452692107,False
HOBBIES_1_226,CA_3,0.9466806063774176,False
HOBBIES_1_226,CA_4,0.5002613695765813,False
HOBBIES_1_226,TX_1,0.6225823314166231,False
HOBBIES_1_226,TX_2,0.8881338212232096,False
HOBBIES_1_226,TX_3,0.5316257187663356,False
HOBBIES_1_226,WI_1,0.4244641923680083,False
HOBBIES_1_226,WI_2,0.3167799268165185,False
HOBBIES_1_226,WI_3,0.3188708834291688,False
HOBBIES_1_228,CA_1,0.9539989545216936,False
HOBBIES_1_228,CA_2,0.8389963408259279,False
HOBBIES_1_228,CA_3,2.213277574490329,True
HOBBIES_1_228,CA_4,0.4364871928907475,False
HOBBIES_1_228,TX_1,0.669106116048092,False
HOBBIES_1_228,TX_2,1.5399895452169368,True
HOBBIES_1_228,TX_3,0.8123366440146367,False
HOBBIES_1_228,WI_1,0.483533716675379,False
HOBBIES_1_228,WI_2,0.3627809722948248,False
HOBBIES_1_228,WI_3,1.796131730266597,True
HOBBIES_1_233,CA_1,3.3073706220595924,True
HOBBIES_1_233,CA_2,4.447464715107161,True
HOBBIES_1_233,CA_3,7.853110297961317,True
HOBBIES_1_233,CA_4,2.683220073183481,True
HOBBIES_1_233,TX_1,2.053842132775745,True
HOBBIES_1_233,TX_2,2.820700470465238,True
HOBBIES_1_233,TX_3,2.294302143230528,True
HOBBIES_1_233,WI_1,2.249869315211709,True
HOBBIES_1_233,WI_2,1.7595399895452168,True
HOBBIES_1_233,WI_3,3.169367485624673,True
HOBBIES_1_246,CA_1,0.2875065342394145,False
HOBBIES_1_246,CA_2,0.1792995295347621,False
HOBBIES_1_246,CA_3,0.2864610559330894,False
HOBBIES_1_246,CA_4,0.0872974385781495,False
HOBBIES_1_246,TX_1,0.0967067433350758,False
HOBBIES_1_246,TX_2,0.1489806586513329,False
HOBBIES_1_246,TX_3,0.1050705697856769,False
HOBBIES_1_246,WI_1,0.1860951385258756,False
HOBBIES_1_246,WI_2,0.0742289597490852,False
HOBBIES_1_246,WI_3,0.1066387872451646,False
HOBBIES_1_259,CA_1,0.236800836382645,False
HOBBIES_1_259,CA_2,0.1306847882906429,False
HOBBIES_1_259,CA_3,0.2645060115002614,False
HOBBIES_1_259,CA_4,0.2205959226346053,False
HOBBIES_1_259,TX_1,0.1934134866701516,False
HOBBIES_1_259,TX_2,0.2049137480397281,False
HOBBIES_1_259,TX_3,0.2373235755358076,False
HOBBIES_1_259,WI_1,0.178254051228437,False
HOBBIES_1_259,WI_2,0.1641400940930475,False
HOBBIES_1_259,WI_3,0.1212754835337166,False
HOBBIES_1_260,CA_1,0.4819654992158912,False
HOBBIES_1_260,CA_2,0.2179822268687924,False
HOBBIES_1_260,CA_3,0.4380554103502352,False
HOBBIES_1_260,CA_4,0.2780972294824882,False
HOBBIES_1_260,TX_1,0.356508102456874,False
HOBBIES_1_260,TX_2,0.7443805541035023,False
HOBBIES_1_260,TX_3,0.702038682697334,False
HOBBIES_1_260,WI_1,0.2378463146889702,False
HOBBIES_1_260,WI_2,0.1641400940930475,False
HOBBIES_1_260,WI_3,0.207527443805541,False
HOBBIES_1_265,CA_1,0.2571876633559853,False
HOBBIES_1_265,CA_2,0.2650287506534239,False
HOBBIES_1_265,CA_3,0.3753267119707266,False
HOBBIES_1_265,CA_4,0.021955044432828,False
HOBBIES_1_265,TX_1,0.181913225300575,False
HOBBIES_1_265,TX_2,0.2780972294824882,False
HOBBIES_1_265,TX_3,0.1510716152639832,False
HOBBIES_1_265,WI_1,0.2211186617877679,False
HOBBIES_1_265,WI_2,0.1123889179299529,False
HOBBIES_1_265,WI_3,0.2770517511761631,False
HOBBIES_1_274,CA_1,0.0663878724516466,False
HOBBIES_1_274,CA_2,0.0454783063251437,False
HOBBIES_1_274,CA_3,0.084161003659174,False
HOBBIES_1_274,CA_4,0.0156821745948771,False
HOBBIES_1_274,TX_1,0.0663878724516466,False
HOBBIES_1_274,TX_2,0.2927339257710402,False
HOBBIES_1_274,TX_3,0.3408259278619969,False
HOBBIES_1_274,WI_1,0.2697334030318871,False
HOBBIES_1_274,WI_2,0.1547307893361212,False
HOBBIES_1_274,WI_3,0.1045478306325143,False
HOBBIES_1_280,CA_1,0.8823836905384214,False
HOBBIES_1_280,CA_2,0.7694720334553058,False
HOBBIES_1_280,CA_3,1.2671197072660745,False
HOBBIES_1_280,CA_4,0.4678515420805018,False
HOBBIES_1_280,TX_1,0.2472556194458965,False
HOBBIES_1_280,TX_2,0.2362780972294824,False
HOBBIES_1_280,TX_3,0.2838473601672765,False
HOBBIES_1_280,WI_1,0.3125980135912179,False
HOBBIES_1_280,WI_2,0.106116048092002,False
HOBBIES_1_280,WI_3,0.1751176163094615,False
HOBBIES_1_281,CA_1,0.4626241505488761,False
HOBBIES_1_281,CA_2,0.3972817564035546,False
HOBBIES_1_281,CA_3,0.7417668583376895,False
HOBBIES_1_281,CA_4,0.4338734971249346,False
HOBBIES_1_281,TX_1,0.2540512284370099,False
HOBBIES_1_281,TX_2,0.4741244119184526,False
HOBBIES_1_281,TX_3,0.3397804495556717,False
HOBBIES_1_281,WI_1,0.5405122843700993,False
HOBBIES_1_281,WI_2,0.3669628855201254,False
HOBBIES_1_281,WI_3,0.316257187663356,False
HOBBIES_1_282,CA_1,0.6074228959749085,False
HOBBIES_1_282,CA_2,0.7219027705175117,False
HOBBIES_1_282,CA_3,0.8599059069524307,False
HOBBIES_1_282,CA_4,0.0705697856769472,False
HOBBIES_1_282,TX_1,0.2838473601672765,False
HOBBIES_1_282,TX_2,0.4960794563512807,False
HOBBIES_1_282,TX_3,0.316257187663356,False
HOBBIES_1_282,WI_1,0.4631468897020386,False
HOBBIES_1_282,WI_2,0.1960271824359644,False
HOBBIES_1_282,WI_3,0.32723470987977,False
HOBBIES_1_283,CA_1,0.1066387872451646,False
HOBBIES_1_283,CA_2,0.0444328280188186,False
HOBBIES_1_283,CA_3,0.0590695243073706,False
HOBBIES_1_283,CA_4,0.0303188708834291,False
HOBBIES_1_283,TX_1,0.0627286983795086,False
HOBBIES_1_283,TX_2,0.1223209618400418,False
HOBBIES_1_283,TX_3,0.1374803972817564,False
HOBBIES_1_283,WI_1,0.1254573967590172,False
HOBBIES_1_283,WI_2,0.0533193936225823,False
HOBBIES_1_283,WI_3,0.0339780449555671,False
HOBBIES_1_285,CA_1,0.0679560899111343,False
HOBBIES_1_285,CA_2,0.0888656560376372,False
HOBBIES_1_285,CA_3,0.0946157867224255,False
HOBBIES_1_285,CA_4,0.0517511761630946,False
HOBBIES_1_285,TX_1,0.0700470465237846,False
HOBBIES_1_285,TX_2,0.098797699947726,False
HOBBIES_1_285,TX_3,0.0747516989022477,False
HOBBIES_1_285,WI_1,0.0705697856769472,False
HOBBIES_1_285,WI_2,0.0669106116048092,False
HOBBIES_1_285,WI_3,0.0501829587036069,False
HOBBIES_1_297,CA_1,0.985363303711448,False
HOBBIES_1_297,CA_2,0.6847882906429692,False
HOBBIES_1_297,CA_3,1.2226868792472556,False
HOBBIES_1_297,CA_4,0.5912179822268688,False
HOBBIES_1_297,TX_1,0.279665446941976,False
HOBBIES_1_297,TX_2,0.3293256664924203,False
HOBBIES_1_297,TX_3,0.4819654992158912,False
HOBBIES_1_297,WI_1,0.5995818086774699,False
HOBBIES_1_297,WI_2,0.185572399372713,False
HOBBIES_1_297,WI_3,0.367485624673288,False
HOBBIES_1_299,CA_1,0.1317302665969681,False
HOBBIES_1_299,CA_2,0.1040250914793518,False
HOBBIES_1_299,CA_3,0.2064819654992158,False
HOBBIES_1_299,CA_4,0.0862519602718243,False
HOBBIES_1_299,TX_1,0.1416623105070569,False
HOBBIES_1_299,TX_2,0.3125980135912179,False
HOBBIES_1_299,TX_3,0.3946680606377418,False
HOBBIES_1_299,WI_1,0.1312075274438055,False
HOBBIES_1_299,WI_2,0.1369576581285938,False
HOBBIES_1_299,WI_3,0.2341871406168322,False
HOBBIES_1_301,CA_1,0.8102456874019864,False
HOBBIES_1_301,CA_2,0.4391008886565604,False
HOBBIES_1_301,CA_3,0.5985363303711448,False
HOBBIES_1_301,CA_4,0.1594354417145844,False
HOBBIES_1_301,TX_1,0.6738107684265552,False
HOBBIES_1_301,TX_2,0.7898588604286461,False
HOBBIES_1_301,TX_3,0.4098274960794563,False
HOBBIES_1_301,WI_1,0.770517511761631,False
HOBBIES_1_301,WI_2,0.556717198118139,False
HOBBIES_1_301,WI_3,0.192890747516989,False
HOBBIES_1_312,CA_1,4.259801359121799,True
HOBBIES_1_312,CA_2,3.274960794563513,True
HOBBIES_1_312,CA_3,2.7752221641400943,True
HOBBIES_1_312,CA_4,3.834814427600627,True
HOBBIES_1_312,TX_1,1.9513852587558809,True
HOBBIES_1_312,TX_2,1.7945635128071094,True
HOBBIES_1_312,TX_3,0.909566126502875,False
HOBBIES_1_312,WI_1,5.365394668060638,True
HOBBIES_1_312,WI_2,2.9289074751698903,True
HOBBIES_1_312,WI_3,3.243073706220596,True
HOBBIES_1_317,CA_1,0.8755880815473079,False
HOBBIES_1_317,CA_2,0.6074228959749085,False
HOBBIES_1_317,CA_3,0.8410872974385781,False
HOBBIES_1_317,CA_4,0.6262415054887611,False
HOBBIES_1_317,TX_1,0.4302143230527966,False
HOBBIES_1_317,TX_2,0.4662833246210141,False
HOBBIES_1_317,TX_3,0.4490329325666492,False
HOBBIES_1_317,WI_1,0.4061683220073183,False
HOBBIES_1_317,WI_2,0.2462101411395713,False
HOBBIES_1_317,WI_3,0.3371667537898589,False
HOBBIES_1_332,CA_1,0.7255619445896497,False
HOBBIES_1_332,CA_2,0.374803972817564,False
HOBBIES_1_332,CA_3,0.3800313643491897,False
HOBBIES_1_332,CA_4,0.4343962362780972,False
HOBBIES_1_332,TX_1,0.2409827496079456,False
HOBBIES_1_332,TX_2,0.4411918452692107,False
HOBBIES_1_332,TX_3,0.279665446941976,False
HOBBIES_1_332,WI_1,0.5514898065865134,False
HOBBIES_1_332,WI_2,0.3355985363303711,False
HOBBIES_1_332,WI_3,0.2963930998431782,False
HOBBIES_1_338,CA_1,1.2090956612650288,False
HOBBIES_1_338,CA_2,0.9916361735493988,False
HOBBIES_1_338,CA_3,1.429691583899634,False
HOBBIES_1_338,CA_4,0.915838996340826,False
HOBBIES_1_338,TX_1,0.78254051228437,False
HOBBIES_1_338,TX_2,1.483533716675379,False
HOBBIES_1_338,TX_3,1.480920020909566,False
HOBBIES_1_338,WI_1,0.1902770517511761,False
HOBBIES_1_338,WI_2,0.3805541035023523,False
HOBBIES_1_338,WI_3,0.4134866701515943,False
HOBBIES_1_349,CA_1,0.6121275483533717,False
HOBBIES_1_349,CA_2,0.32723470987977,False
HOBBIES_1_349,CA_3,0.912179822268688,False
HOBBIES_1_349,CA_4,0.3209618400418191,False
HOBBIES_1_349,TX_1,0.319916361735494,False
HOBBIES_1_349,TX_2,0.9404077365394669,False
HOBBIES_1_349,TX_3,0.8243596445373759,False
HOBBIES_1_349,WI_1,0.2780972294824882,False
HOBBIES_1_349,WI_2,0.3298484056455829,False
HOBBIES_1_349,WI_3,0.3795086251960272,False
HOBBIES_1_351,CA_1,0.6586513329848406,False
HOBBIES_1_351,CA_2,0.4621014113957135,False
HOBBIES_1_351,CA_3,0.6576058546785154,False
HOBBIES_1_351,CA_4,0.4385781495033978,False
HOBBIES_1_351,TX_1,0.1562990067956089,False
HOBBIES_1_351,TX_2,0.3152117093570308,False
HOBBIES_1_351,TX_3,0.3000522739153162,False
HOBBIES_1_351,WI_1,0.5661265028750654,False
HOBBIES_1_351,WI_2,0.3355985363303711,False
HOBBIES_1_351,WI_3,0.1934134866701516,False
HOBBIES_1_352,CA_1,0.3737584945112389,False
HOBBIES_1_352,CA_2,0.4234187140616832,False
HOBBIES_1_352,CA_3,0.7109252483010977,False
HOBBIES_1_352,CA_4,0.3105070569785677,False
HOBBIES_1_352,TX_1,0.138003136434919,False
HOBBIES_1_352,TX_2,0.2833246210141139,False
HOBBIES_1_352,TX_3,0.276006272869838,False
HOBBIES_1_352,WI_1,0.4683742812336644,False
HOBBIES_1_352,WI_2,0.2394145321484579,False
HOBBIES_1_352,WI_3,0.2608468374281233,False
HOBBIES_1_356,CA_1,0.552012545739676,False
HOBBIES_1_356,CA_2,0.8186095138525875,False
HOBBIES_1_356,CA_3,0.8672242550967068,False
HOBBIES_1_356,CA_4,0.4615786722425509,False
HOBBIES_1_356,TX_1,0.4255096706743335,False
HOBBIES_1_356,TX_2,0.5708311552535285,False
HOBBIES_1_356,TX_3,0.4035546262415055,False
HOBBIES_1_356,WI_1,0.6685833768949294,False
HOBBIES_1_356,WI_2,0.4438055410350235,False
HOBBIES_1_356,WI_3,0.5431259801359122,False
HOBBIES_1_358,CA_1,0.6539466806063774,False
HOBBIES_1_358,CA_2,0.6832200731834814,False
HOBBIES_1_358,CA_3,0.7652901202300052,False
HOBBIES_1_358,CA_4,0.509147935180345,False
HOBBIES_1_358,TX_1,0.3768949294302143,False
HOBBIES_1_358,TX_2,0.4166231050705697,False
HOBBIES_1_358,TX_3,0.2535284892838473,False
HOBBIES_1_358,WI_1,0.520125457396759,False
HOBBIES_1_358,WI_2,0.319916361735494,False
HOBBIES_1_358,WI_3,0.3633037114479874,False
HOBBIES_1_373,CA_1,0.6110820700470465,False
HOBBIES_1_373,CA_2,0.3429168844746471,False
HOBBIES_1_373,CA_3,0.5933089388395191,False
HOBBIES_1_373,CA_4,0.6847882906429692,False
HOBBIES_1_373,TX_1,0.1521170935703084,False
HOBBIES_1_373,TX_2,0.1975953998954521,False
HOBBIES_1_373,TX_3,0.2357553580763199,False
HOBBIES_1_373,WI_1,0.559330893883952,False
HOBBIES_1_373,WI_2,0.1662310507056978,False
HOBBIES_1_373,WI_3,0.1170935703084161,False
HOBBIES_1_375,CA_1,0.05488761108207,False
HOBBIES_1_375,CA_2,0.0763199163617354,False
HOBBIES_1_375,CA_3,0.1411395713538944,False
HOBBIES_1_375,CA_4,0.0559330893883951,False
HOBBIES_1_375,TX_1,0.062205959226346,False
HOBBIES_1_375,TX_2,0.084161003659174,False
HOBBIES_1_375,TX_3,0.0669106116048092,False
HOBBIES_1_375,WI_1,0.0507056978567694,False
HOBBIES_1_375,WI_2,0.0423418714061683,False
HOBBIES_1_375,WI_3,0.0533193936225823,False
HOBBIES_1_381,CA_1,4.77835859905907,True
HOBBIES_1_381,CA_2,2.7746994249869315,True
HOBBIES_1_381,CA_3,5.141662310507057,True
HOBBIES_1_381,CA_4,3.469942498693152,True
HOBBIES_1_381,TX_1,1.6356508102456877,True
HOBBIES_1_381,TX_2,3.431259801359122,True
HOBBIES_1_381,TX_3,3.015682174594877,True
HOBBIES_1_381,WI_1,1.860951385258756,True
HOBBIES_1_381,WI_2,1.029273392577104,False
HOBBIES_1_381,WI_3,1.8076319916361736,True
HOBBIES_1_386,CA_1,0.3617354939884997,False
HOBBIES_1_386,CA_2,0.3439623627809723,False
HOBBIES_1_386,CA_3,0.4626241505488761,False
HOBBIES_1_386,CA_4,0.1688447464715107,False
HOBBIES_1_386,TX_1,0.1756403554626241,False
HOBBIES_1_386,TX_2,0.3063251437532671,False
HOBBIES_1_386,TX_3,0.3512807109252483,False
HOBBIES_1_386,WI_1,0.1897543125980136,False
HOBBIES_1_386,WI_2,0.2138003136434919,False
HOBBIES_1_386,WI_3,0.1442760062728698,False
HOBBIES_1_387,CA_1,4.637741766858338,True
HOBBIES_1_387,CA_2,3.980658651332985,True
HOBBIES_1_387,CA_3,3.699424986931521,True
HOBBIES_1_387,CA_4,2.430214323052797,True
HOBBIES_1_387,TX_1,0.5818086774699425,False
HOBBIES_1_387,TX_2,1.2388917929952954,False
HOBBIES_1_387,TX_3,1.046523784631469,False
HOBBIES_1_387,WI_1,1.251437532671197,False
HOBBIES_1_387,WI_2,1.143230527966545,False
HOBBIES_1_387,WI_3,1.079456351280711,False
HOBBIES_1_389,CA_1,0.1108207004704652,False
HOBBIES_1_389,CA_2,0.0486147412441191,False
HOBBIES_1_389,CA_3,0.0789336121275483,False
HOBBIES_1_389,CA_4,0.05488761108207,False
HOBBIES_1_389,TX_1,0.0533193936225823,False
HOBBIES_1_389,TX_2,0.0575013068478829,False
HOBBIES_1_389,TX_3,0.029273392577104,False
HOBBIES_1_389,WI_1,0.0240460010454783,False
HOBBIES_1_389,WI_2,0.0172503920543648,False
HOBBIES_1_389,WI_3,0.0203868269733403,False
HOBBIES_1_392,CA_1,0.3831677992681652,False
HOBBIES_1_392,CA_2,0.2284370099320439,False
HOBBIES_1_392,CA_3,0.3099843178254051,False
HOBBIES_1_392,CA_4,0.2300052273915316,False
HOBBIES_1_392,TX_1,0.1102979613173026,False
HOBBIES_1_392,TX_2,0.0820700470465237,False
HOBBIES_1_392,TX_3,0.1108207004704652,False
HOBBIES_1_392,WI_1,0.1730266596968113,False
HOBBIES_1_392,WI_2,0.0313643491897543,False
HOBBIES_1_392,WI_3,0.0491374803972817,False
HOBBIES_1_394,CA_1,0.7584945112388918,False
HOBBIES_1_394,CA_2,0.3214845791949817,False
HOBBIES_1_394,CA_3,0.6403554626241506,False
HOBBIES_1_394,CA_4,0.5169890224777836,False
HOBBIES_1_394,TX_1,0.3622582331416623,False
HOBBIES_1_394,TX_2,0.4882383690538421,False
HOBBIES_1_394,TX_3,0.2906429691583899,False
HOBBIES_1_394,WI_1,1.666492420282279,True
HOBBIES_1_394,WI_2,0.8745426032409828,False
HOBBIES_1_394,WI_3,0.5446941975953999,False
HOBBIES_1_401,CA_1,0.1217982226868792,False
HOBBIES_1_401,CA_2,0.0977522216414009,False
HOBBIES_1_401,CA_3,0.159958180867747,False
HOBBIES_1_401,CA_4,0.1082070047046523,False
HOBBIES_1_401,TX_1,0.0684788290642969,False
HOBBIES_1_401,TX_2,0.080501829587036,False
HOBBIES_1_401,TX_3,0.1040250914793518,False
HOBBIES_1_401,WI_1,0.0893883951907997,False
HOBBIES_1_401,WI_2,0.0444328280188186,False
HOBBIES_1_401,WI_3,0.0930475692629378,False
HOBBIES_1_405,CA_1,0.1840041819132253,False
HOBBIES_1_405,CA_2,0.1751176163094615,False
HOBBIES_1_405,CA_3,0.2122320961840041,False
HOBBIES_1_405,CA_4,0.2320961840041819,False
HOBBIES_1_405,TX_1,0.0590695243073706,False
HOBBIES_1_405,TX_2,0.1238891792995295,False
HOBBIES_1_405,TX_3,0.0386826973340303,False
HOBBIES_1_405,WI_1,0.6246732880292734,False
HOBBIES_1_405,WI_2,0.1317302665969681,False
HOBBIES_1_405,WI_3,0.170935703084161,False
HOBBIES_1_409,CA_1,0.9456351280710924,False
HOBBIES_1_409,CA_2,0.4626241505488761,False
HOBBIES_1_409,CA_3,0.9848405645582854,False
HOBBIES_1_409,CA_4,0.7135389440669107,False
HOBBIES_1_409,TX_1,0.3476215368531103,False
HOBBIES_1_409,TX_2,0.4176685833768949,False
HOBBIES_1_409,TX_3,0.7323575535807632,False
HOBBIES_1_409,WI_1,0.5791949817041296,False
HOBBIES_1_409,WI_2,0.3000522739153162,False
HOBBIES_1_409,WI_3,0.4370099320439101,False
HOBBIES_1_411,CA_1,0.4134866701515943,False
HOBBIES_1_411,CA_2,0.3585990590695243,False
HOBBIES_1_411,CA_3,0.4746471510716152,False
HOBBIES_1_411,CA_4,0.2253005750130684,False
HOBBIES_1_411,TX_1,0.538421327757449,False
HOBBIES_1_411,TX_2,0.8008363826450601,False
HOBBIES_1_411,TX_3,0.527443805541035,False
HOBBIES_1_411,WI_1,0.4108729743857815,False
HOBBIES_1_411,WI_2,0.5446941975953999,False
HOBBIES_1_411,WI_3,0.5070569785676947,False
HOBBIES_1_417,CA_1,3.71144798745426,True
HOBBIES_1_417,CA_2,2.429168844746472,True
HOBBIES_1_417,CA_3,3.140094093047569,True
HOBBIES_1_417,CA_4,4.614741244119185,True
HOBBIES_1_417,TX_1,1.6001045478306326,True
HOBBIES_1_417,TX_2,1.720334553058024,True
HOBBIES_1_417,TX_3,0.9294302143230528,False
HOBBIES_1_417,WI_1,4.94511238891793,True
HOBBIES_1_417,WI_2,2.125457396759017,True
HOBBIES_1_417,WI_3,2.344485101934135,True
HOBBIES_1_421,CA_1,0.6408782017773131,False
HOBBIES_1_421,CA_2,0.4553058024046001,False
HOBBIES_1_421,CA_3,0.894929430214323,False
HOBBIES_1_421,CA_4,0.3962362780972295,False
HOBBIES_1_421,TX_1,0.1719811813904861,False
HOBBIES_1_421,TX_2,0.2263460533193936,False
HOBBIES_1_421,TX_3,0.1918452692106639,False
HOBBIES_1_421,WI_1,0.1876633559853633,False
HOBBIES_1_421,WI_2,0.192890747516989,False
HOBBIES_1_421,WI_3,0.1228437009932044,False
HOBBIES_2_008,CA_1,0.1150026136957658,False
HOBBIES_2_008,CA_2,0.0820700470465237,False
HOBBIES_2_008,CA_3,0.1202300052273915,False
HOBBIES_2_008,CA_4,0.0543648719289074,False
HOBBIES_2_008,TX_1,0.1306847882906429,False
HOBBIES_2_008,TX_2,0.2284370099320439,False
HOBBIES_2_008,TX_3,0.1970726607422896,False
HOBBIES_2_008,WI_1,0.1019341348667015,False
HOBBIES_2_008,WI_2,0.0982749607945635,False
HOBBIES_2_008,WI_3,0.0831155253528489,False
HOBBIES_2_019,CA_1,0.1322530057501307,False
HOBBIES_2_019,CA_2,0.1620491374803973,False
HOBBIES_2_019,CA_3,0.1228437009932044,False
HOBBIES_2_019,CA_4,0.0559330893883951,False
HOBBIES_2_019,TX_1,0.0287506534239414,False
HOBBIES_2_019,TX_2,0.167276529012023,False
HOBBIES_2_019,TX_3,0.1076842655514898,False
HOBBIES_2_019,WI_1,0.1087297438578149,False
HOBBIES_2_019,WI_2,0.0752744380554103,False
HOBBIES_2_019,WI_3,0.0496602195504443,False
HOBBIES_2_020,CA_1,0.1207527443805541,False
HOBBIES_2_020,CA_2,0.1097752221641401,False
HOBBIES_2_020,CA_3,0.1390486147412441,False
HOBBIES_2_020,CA_4,0.0460010454783063,False
HOBBIES_2_020,TX_1,0.1489806586513329,False
HOBBIES_2_020,TX_2,0.1986408782017773,False
HOBBIES_2_020,TX_3,0.211186617877679,False
HOBBIES_2_020,WI_1,0.095138525875588,False
HOBBIES_2_020,WI_2,0.106116048092002,False
HOBBIES_2_020,WI_3,0.1008886565603763,False
HOBBIES_2_021,CA_1,0.0449555671719811,False
HOBBIES_2_021,CA_2,0.0595922634605331,False
HOBBIES_2_021,CA_3,0.1003659174072138,False
HOBBIES_2_021,CA_4,0.021955044432828,False
HOBBIES_2_021,TX_1,0.05488761108207,False
HOBBIES_2_021,TX_2,0.0345007841087297,False
HOBBIES_2_021,TX_3,0.058546785154208,False
HOBBIES_2_021,WI_1,0.0862519602718243,False
HOBBIES_2_021,WI_2,0.0637741766858337,False
HOBBIES_2_021,WI_3,0.0684788290642969,False
HOBBIES_2_025,CA_1,0.0642969158389963,False
HOBBIES_2_025,CA_2,0.0595922634605331,False
HOBBIES_2_025,CA_3,0.1029796131730266,False
HOBBIES_2_025,CA_4,0.014636696288552,False
HOBBIES_2_025,TX_1,0.014636696288552,False
HOBBIES_2_025,TX_2,0.043910088865656,False
HOBBIES_2_025,TX_3,0.0507056978567694,False
HOBBIES_2_025,WI_1,0.0486147412441191,False
HOBBIES_2_025,WI_2,0.0345007841087297,False
HOBBIES_2_025,WI_3,0.0261369576581285,False
HOBBIES_2_026,CA_1,0.211186617877679,False
HOBBIES_2_026,CA_2,0.069524307370622,False
HOBBIES_2_026,CA_3,0.0867746994249869,False
HOBBIES_2_026,CA_4,0.0491374803972817,False
HOBBIES_2_026,TX_1,0.0716152639832723,False
HOBBIES_2_026,TX_2,0.0883429168844746,False
HOBBIES_2_026,TX_3,0.0763199163617354,False
HOBBIES_2_026,WI_1,0.065865133298484,False
HOBBIES_2_026,WI_2,0.1756403554626241,False
HOBBIES_2_026,WI_3,0.0606377417668583,False
HOBBIES_2_039,CA_1,0.1280710925248301,False
HOBBIES_2_039,CA_2,0.1515943544171458,False
HOBBIES_2_039,CA_3,0.2242550967067433,False
HOBBIES_2_039,CA_4,0.0559330893883951,False
HOBBIES_2_039,TX_1,0.1123889179299529,False
HOBBIES_2_039,TX_2,0.1860951385258756,False
HOBBIES_2_039,TX_3,0.181913225300575,False
HOBBIES_2_039,WI_1,0.1003659174072138,False
HOBBIES_2_039,WI_2,0.1217982226868792,False
HOBBIES_2_039,WI_3,0.1087297438578149,False
HOBBIES_2_044,CA_1,0.1082070047046523,False
HOBBIES_2_044,CA_2,0.1468897020386827,False
HOBBIES_2_044,CA_3,0.0998431782540512,False
HOBBIES_2_044,CA_4,0.0444328280188186,False
HOBBIES_2_044,TX_1,0.0684788290642969,False
HOBBIES_2_044,TX_2,0.1280710925248301,False
HOBBIES_2_044,TX_3,0.1008886565603763,False
HOBBIES_2_044,WI_1,0.1416623105070569,False
HOBBIES_2_044,WI_2,0.1991636173549399,False
HOBBIES_2_044,WI_3,0.0350235232618923,False
HOBBIES_2_057,CA_1,0.1657083115525353,False
HOBBIES_2_057,CA_2,0.207527443805541,False
HOBBIES_2_057,CA_3,0.0872974385781495,False
HOBBIES_2_057,CA_4,0.0799790904338735,False
HOBBIES_2_057,TX_1,0.0465237846314689,False
HOBBIES_2_057,TX_2,0.1646628332462101,False
HOBBIES_2_057,TX_3,0.076842655514898,False
HOBBIES_2_057,WI_1,0.2096184004181913,False
HOBBIES_2_057,WI_2,0.1275483533716675,False
HOBBIES_2_057,WI_3,0.09147935180345,False
HOBBIES_2_061,CA_1,0.1589127025614218,False
HOBBIES_2_061,CA_2,0.3460533193936226,False
HOBBIES_2_061,CA_3,0.3371667537898589,False
HOBBIES_2_061,CA_4,0.1066387872451646,False
HOBBIES_2_061,TX_1,0.1338212232096184,False
HOBBIES_2_061,TX_2,0.1244119184526921,False
HOBBIES_2_061,TX_3,0.3873497124934658,False
HOBBIES_2_061,WI_1,0.1238891792995295,False
HOBBIES_2_061,WI_2,0.1155253528489283,False
HOBBIES_2_061,WI_3,0.1118661787767903,False
HOBBIES_2_069,CA_1,0.159958180867747,False
HOBBIES_2_069,CA_2,0.214845791949817,False
HOBBIES_2_069,CA_3,0.2812336644014637,False
HOBBIES_2_069,CA_4,0.0940930475692629,False
HOBBIES_2_069,TX_1,0.1275483533716675,False
HOBBIES_2_069,TX_2,0.2415054887611082,False
HOBBIES_2_069,TX_3,0.2284370099320439,False
HOBBIES_2_069,WI_1,0.1683220073183481,False
HOBBIES_2_069,WI_2,0.1510716152639832,False
HOBBIES_2_069,WI_3,0.1228437009932044,False
HOBBIES_2_072,CA_1,0.1343439623627809,False
HOBBIES_2_072,CA_2,0.1505488761108207,False
HOBBIES_2_072,CA_3,0.0998431782540512,False
HOBBIES_2_072,CA_4,0.0690015682174595,False
HOBBIES_2_072,TX_1,0.0967067433350758,False
HOBBIES_2_072,TX_2,0.0836382645060115,False
HOBBIES_2_072,TX_3,0.1296393099843178,False
HOBBIES_2_072,WI_1,0.0794563512807109,False
HOBBIES_2_072,WI_2,0.0653423941453214,False
HOBBIES_2_072,WI_3,0.0946157867224255,False
HOBBIES_2_085,CA_1,0.3298484056455829,False
HOBBIES_2_085,CA_2,0.3538944066910611,False
HOBBIES_2_085,CA_3,0.2807109252483011,False
HOBBIES_2_085,CA_4,0.1160480920020909,False
HOBBIES_2_085,TX_1,0.2713016204913748,False
HOBBIES_2_085,TX_2,0.7642446419236801,False
HOBBIES_2_085,TX_3,0.3753267119707266,False
HOBBIES_2_085,WI_1,0.236800836382645,False
HOBBIES_2_085,WI_2,0.2049137480397281,False
HOBBIES_2_085,WI_3,0.159958180867747,False
HOBBIES_2_086,CA_1,0.0543648719289074,False
HOBBIES_2_086,CA_2,0.0784108729743857,False
HOBBIES_2_086,CA_3,0.0867746994249869,False
HOBBIES_2_086,CA_4,0.0230005227391531,False
HOBBIES_2_086,TX_1,0.0465237846314689,False
HOBBIES_2_086,TX_2,0.0982749607945635,False
HOBBIES_2_086,TX_3,0.0925248301097752,False
HOBBIES_2_086,WI_1,0.0538421327757449,False
HOBBIES_2_086,WI_2,0.0601150026136957,False
HOBBIES_2_086,WI_3,0.043910088865656,False
HOBBIES_2_087,CA_1,0.1087297438578149,False
HOBBIES_2_087,CA_2,0.1150026136957658,False
HOBBIES_2_087,CA_3,0.1552535284892838,False
HOBBIES_2_087,CA_4,0.0313643491897543,False
HOBBIES_2_087,TX_1,0.1029796131730266,False
HOBBIES_2_087,TX_2,0.1432305279665447,False
HOBBIES_2_087,TX_3,0.0998431782540512,False
HOBBIES_2_087,WI_1,0.1176163094615786,False
HOBBIES_2_087,WI_2,0.1265028750653423,False
HOBBIES_2_087,WI_3,0.1359121798222687,False
HOBBIES_2_095,CA_1,0.087820177731312,False
HOBBIES_2_095,CA_2,0.069524307370622,False
HOBBIES_2_095,CA_3,0.084161003659174,False
HOBBIES_2_095,CA_4,0.0381599581808677,False
HOBBIES_2_095,TX_1,0.0642969158389963,False
HOBBIES_2_095,TX_2,0.1207527443805541,False
HOBBIES_2_095,TX_3,0.0815473078933612,False
HOBBIES_2_095,WI_1,0.0590695243073706,False
HOBBIES_2_095,WI_2,0.0752744380554103,False
HOBBIES_2_095,WI_3,0.0491374803972817,False
HOBBIES_2_102,CA_1,0.189231573444851,False
HOBBIES_2_102,CA_2,0.1343439623627809,False
HOBBIES_2_102,CA_3,0.1259801359121798,False
HOBBIES_2_102,CA_4,0.0580240460010454,False
HOBBIES_2_102,TX_1,0.0669106116048092,False
HOBBIES_2_102,TX_2,0.0956612650287506,False
HOBBIES_2_102,TX_3,0.0904338734971249,False
HOBBIES_2_102,WI_1,0.1871406168322007,False
HOBBIES_2_102,WI_2,0.1657083115525353,False
HOBBIES_2_102,WI_3,0.0831155253528489,False
HOBBIES_2_108,CA_1,0.0517511761630946,False
HOBBIES_2_108,CA_2,0.0449555671719811,False
HOBBIES_2_108,CA_3,0.062205959226346,False
HOBBIES_2_108,CA_4,0.0386826973340303,False
HOBBIES_2_108,TX_1,0.0601150026136957,False
HOBBIES_2_108,TX_2,0.0454783063251437,False
HOBBIES_2_108,TX_3,0.0611604809200209,False
HOBBIES_2_108,WI_1,0.0663878724516466,False
HOBBIES_2_108,WI_2,0.0376372190277051,False
HOBBIES_2_108,WI_3,0.0141139571353894,False
HOBBIES_2_109,CA_1,0.0993204391008886,False
HOBBIES_2_109,CA_2,0.1003659174072138,False
HOBBIES_2_109,CA_3,0.1693674856246733,False
HOBBIES_2_109,CA_4,0.0564558285415577,False
HOBBIES_2_109,TX_1,0.0825927861996863,False
HOBBIES_2_109,TX_2,0.1134343962362781,False
HOBBIES_2_109,TX_3,0.0752744380554103,False
HOBBIES_2_109,WI_1,0.1160480920020909,False
HOBBIES_2_109,WI_2,0.0480920020909566,False
HOBBIES_2_109,WI_3,0.1008886565603763,False
HOBBIES_2_114,CA_1,0.0836382645060115,False
HOBBIES_2_114,CA_2,0.1165708311552535,False
HOBBIES_2_114,CA_3,0.0935703084161003,False
HOBBIES_2_114,CA_4,0.0669106116048092,False
HOBBIES_2_114,TX_1,0.167276529012023,False
HOBBIES_2_114,TX_2,0.1714584422373235,False
HOBBIES_2_114,TX_3,0.2070047046523784,False
HOBBIES_2_114,WI_1,0.0757971772085729,False
HOBBIES_2_114,WI_2,0.098797699947726,False
HOBBIES_2_114,WI_3,0.09147935180345,False
HOBBIES_2_119,CA_1,0.0303188708834291,False
HOBBIES_2_119,CA_2,0.07318348144276,False
HOBBIES_2_119,CA_3,0.0449555671719811,False
HOBBIES_2_119,CA_4,0.0230005227391531,False
HOBBIES_2_119,TX_1,0.0214323052796654,False
HOBBIES_2_119,TX_2,0.0339780449555671,False
HOBBIES_2_119,TX_3,0.0297961317302665,False
HOBBIES_2_119,WI_1,0.0360690015682174,False
HOBBIES_2_119,WI_2,0.0287506534239414,False
HOBBIES_2_119,WI_3,0.0235232618923157,False
HOBBIES_2_127,CA_1,0.0757971772085729,False
HOBBIES_2_127,CA_2,0.0595922634605331,False
HOBBIES_2_127,CA_3,0.0569785676947203,False
HOBBIES_2_127,CA_4,0.0277051751176163,False
HOBBIES_2_127,TX_1,0.0825927861996863,False
HOBBIES_2_127,TX_2,0.0616832200731834,False
HOBBIES_2_127,TX_3,0.0423418714061683,False
HOBBIES_2_127,WI_1,0.087820177731312,False
HOBBIES_2_127,WI_2,0.0543648719289074,False
HOBBIES_2_127,WI_3,0.0318870883429168,False
HOUSEHOLD_1_001,CA_1,0.3465760585467851,False
HOUSEHOLD_1_001,CA_2,0.2352326189231573,False
HOUSEHOLD_1_001,CA_3,0.5729221118661788,False
HOUSEHOLD_1_001,CA_4,0.2169367485624673,False
HOUSEHOLD_1_001,TX_1,0.2049137480397281,False
HOUSEHOLD_1_001,TX_2,0.2603240982749608,False
HOUSEHOLD_1_001,TX_3,0.0825927861996863,False
HOUSEHOLD_1_001,WI_1,0.6534239414532148,False
HOUSEHOLD_1_001,WI_2,0.3099843178254051,False
HOUSEHOLD_1_001,WI_3,0.1223209618400418,False
HOUSEHOLD_1_006,CA_1,1.210141139571354,False
HOUSEHOLD_1_006,CA_2,1.2571876633559853,False
HOUSEHOLD_1_006,CA_3,0.6826973340303188,False
HOUSEHOLD_1_006,CA_4,0.4291688447464715,False
HOUSEHOLD_1_006,TX_1,0.6968112911657083,False
HOUSEHOLD_1_006,TX_2,1.1813904861474125,False
HOUSEHOLD_1_006,TX_3,0.796131730266597,False
HOUSEHOLD_1_006,WI_1,0.4605331939362258,False
HOUSEHOLD_1_006,WI_2,0.279665446941976,False
HOUSEHOLD_1_006,WI_3,0.6549921589127026,False
HOUSEHOLD_1_011,CA_1,0.905906952430737,False
HOUSEHOLD_1_011,CA_2,1.0308416100365918,False
HOUSEHOLD_1_011,CA_3,2.410350235232619,True
HOUSEHOLD_1_011,CA_4,0.6680606377417668,False
HOUSEHOLD_1_011,TX_1,0.4924202822791427,False
HOUSEHOLD_1_011,TX_2,0.92681651855724,False
HOUSEHOLD_1_011,TX_3,0.6921066387872452,False
HOUSEHOLD_1_011,WI_1,1.0020909566126504,False
HOUSEHOLD_1_011,WI_2,1.079456351280711,False
HOUSEHOLD_1_011,WI_3,0.759539989545217,False
HOUSEHOLD_1_029,CA_1,0.6309461578672243,False
HOUSEHOLD_1_029,CA_2,0.9759539989545216,False
HOUSEHOLD_1_029,CA_3,3.444851019341349,True
HOUSEHOLD_1_029,CA_4,0.1934134866701516,False
HOUSEHOLD_1_029,TX_1,1.2012545739675902,False
HOUSEHOLD_1_029,TX_2,0.7245164662833247,False
HOUSEHOLD_1_029,TX_3,1.3591217982226869,False
HOUSEHOLD_1_029,WI_1,0.106116048092002,False
HOUSEHOLD_1_029,WI_2,0.3972817564035546,False
HOUSEHOLD_1_029,WI_3,0.4824882383690538,False
HOUSEHOLD_1_040,CA_1,2.497124934657606,True
HOUSEHOLD_1_040,CA_2,3.354417145844224,True
HOUSEHOLD_1_040,CA_3,8.990590695243073,True
HOUSEHOLD_1_040,CA_4,0.7898588604286461,False
HOUSEHOLD_1_040,TX_1,4.921066387872451,True
HOUSEHOLD_1_040,TX_2,2.936748562467329,True
HOUSEHOLD_1_040,TX_3,3.2341871406168323,True
HOUSEHOLD_1_040,WI_1,0.319916361735494,False
HOUSEHOLD_1_040,WI_2,3.891792995295348,True
HOUSEHOLD_1_040,WI_3,3.107161526398327,True
HOUSEHOLD_1_072,CA_1,2.565603763721903,True
HOUSEHOLD_1_072,CA_2,3.6382645060115,True
HOUSEHOLD_1_072,CA_3,7.371667537898588,True
HOUSEHOLD_1_072,CA_4,0.865656037637219,False
HOUSEHOLD_1_072,TX_1,1.832723470987977,True
HOUSEHOLD_1_072,TX_2,1.7647673810768427,True
HOUSEHOLD_1_072,TX_3,1.629900679560899,True
HOUSEHOLD_1_072,WI_1,3.43910088865656,True
HOUSEHOLD_1_072,WI_2,7.05488761108207,True
HOUSEHOLD_1_072,WI_3,6.224255096706743,True
HOUSEHOLD_1_080,CA_1,0.181913225300575,False
HOUSEHOLD_1_080,CA_2,0.1510716152639832,False
HOUSEHOLD_1_080,CA_3,0.6529012023000522,False
HOUSEHOLD_1_080,CA_4,0.2190277051751176,False
HOUSEHOLD_1_080,TX_1,0.4051228437009932,False
HOUSEHOLD_1_080,TX_2,0.6560376372190277,False
HOUSEHOLD_1_080,TX_3,1.108729743857815,False
HOUSEHOLD_1_080,WI_1,0.1981181390486147,False
HOUSEHOLD_1_080,WI_2,0.2174594877156299,False
HOUSEHOLD_1_080,WI_3,0.3732357553580763,False
HOUSEHOLD_1_085,CA_1,0.1620491374803973,False
HOUSEHOLD_1_085,CA_2,0.1228437009932044,False
HOUSEHOLD_1_085,CA_3,0.2012545739675901,False
HOUSEHOLD_1_085,CA_4,0.1594354417145844,False
HOUSEHOLD_1_085,TX_1,0.058546785154208,False
HOUSEHOLD_1_085,TX_2,0.095138525875588,False
HOUSEHOLD_1_085,TX_3,0.0637741766858337,False
HOUSEHOLD_1_085,WI_1,0.1306847882906429,False
HOUSEHOLD_1_085,WI_2,0.1259801359121798,False
HOUSEHOLD_1_085,WI_3,0.1270256142185049,False
HOUSEHOLD_1_094,CA_1,1.3094615786722426,False
HOUSEHOLD_1_094,CA_2,1.5572399372713015,True
HOUSEHOLD_1_094,CA_3,2.32096184004182,True
HOUSEHOLD_1_094,CA_4,0.6602195504443282,False
HOUSEHOLD_1_094,TX_1,0.934134866701516,False
HOUSEHOLD_1_094,TX_2,0.9989545216936748,False
HOUSEHOLD_1_094,TX_3,0.8342916884474647,False
HOUSEHOLD_1_094,WI_1,0.8928384736016728,False
HOUSEHOLD_1_094,WI_2,0.8599059069524307,False
HOUSEHOLD_1_094,WI_3,0.6152639832723471,False
HOUSEHOLD_1_099,CA_1,0.6319916361735494,False
HOUSEHOLD_1_099,CA_2,1.4553058024046002,False
HOUSEHOLD_1_099,CA_3,0.7841087297438578,False
HOUSEHOLD_1_099,CA_4,0.4202822791427077,False
HOUSEHOLD_1_099,TX_1,0.3627809722948248,False
HOUSEHOLD_1_099,TX_2,0.4317825405122844,False
HOUSEHOLD_1_099,TX_3,0.3214845791949817,False
HOUSEHOLD_1_099,WI_1,0.3596445373758494,False
HOUSEHOLD_1_099,WI_2,0.4427600627286984,False
HOUSEHOLD_1_099,WI_3,0.4234187140616832,False
HOUSEHOLD_1_106,CA_1,1.4500784108729745,False
HOUSEHOLD_1_106,CA_2,1.2388917929952954,False
HOUSEHOLD_1_106,CA_3,3.4485101934134867,True
HOUSEHOLD_1_106,CA_4,0.661787767903816,False
HOUSEHOLD_1_106,TX_1,1.6759017250392054,True
HOUSEHOLD_1_106,TX_2,1.6842655514898066,True
HOUSEHOLD_1_106,TX_3,1.829064296915839,True
HOUSEHOLD_1_106,WI_1,0.7464715107161526,False
HOUSEHOLD_1_106,WI_2,1.8395190799790904,True
HOUSEHOLD_1_106,WI_3,0.9215891270256142,False
HOUSEHOLD_1_116,CA_1,0.0867746994249869,False
HOUSEHOLD_1_116,CA_2,0.0700470465237846,False
HOUSEHOLD_1_116,CA_3,0.0888656560376372,False
HOUSEHOLD_1_116,CA_4,0.0282279142707788,False
HOUSEHOLD_1_116,TX_1,0.1536853110297961,False
HOUSEHOLD_1_116,TX_2,0.1803450078410872,False
HOUSEHOLD_1_116,TX_3,0.2253005750130684,False
HOUSEHOLD_1_116,WI_1,0.1981181390486147,False
HOUSEHOLD_1_116,WI_2,0.2629377940407736,False
HOUSEHOLD_1_116,WI_3,0.1275483533716675,False
HOUSEHOLD_1_118,CA_1,7.6340825927862,True
HOUSEHOLD_1_118,CA_2,4.189231573444851,True
HOUSEHOLD_1_118,CA_3,22.66126502875065,True
HOUSEHOLD_1_118,CA_4,1.812336644014637,True
HOUSEHOLD_1_118,TX_1,4.362780972294825,True
HOUSEHOLD_1_118,TX_2,5.152639832723471,True
HOUSEHOLD_1_118,TX_3,8.900156821745949,True
HOUSEHOLD_1_118,WI_1,0.3423941453214846,False
HOUSEHOLD_1_118,WI_2,0.1996863565081024,False
HOUSEHOLD_1_118,WI_3,7.237323575535807,True
HOUSEHOLD_1_121,CA_1,0.7386304234187141,False
HOUSEHOLD_1_121,CA_2,0.6429691583899634,False
HOUSEHOLD_1_121,CA_3,1.1615263983272348,False
HOUSEHOLD_1_121,CA_4,0.4307370622059592,False
HOUSEHOLD_1_121,TX_1,0.4960794563512807,False
HOUSEHOLD_1_121,TX_2,0.6717198118139048,False
HOUSEHOLD_1_121,TX_3,0.6591740721380032,False
HOUSEHOLD_1_121,WI_1,0.6753789858860428,False
HOUSEHOLD_1_121,WI_2,0.7428123366440146,False
HOUSEHOLD_1_121,WI_3,0.5917407213800313,False
HOUSEHOLD_1_127,CA_1,0.934134866701516,False
HOUSEHOLD_1_127,CA_2,0.8044955567171981,False
HOUSEHOLD_1_127,CA_3,0.89022477783586,False
HOUSEHOLD_1_127,CA_4,0.2780972294824882,False
HOUSEHOLD_1_127,TX_1,1.2801881860951383,False
HOUSEHOLD_1_127,TX_2,1.5697856769472034,True
HOUSEHOLD_1_127,TX_3,1.643491897543126,True
HOUSEHOLD_1_127,WI_1,0.3167799268165185,False
HOUSEHOLD_1_127,WI_2,1.3444851019341348,False
HOUSEHOLD_1_127,WI_3,0.825405122843701,False
HOUSEHOLD_1_130,CA_1,0.7370622059592263,False
HOUSEHOLD_1_130,CA_2,0.4636696288552012,False
HOUSEHOLD_1_130,CA_3,1.3962362780972295,False
HOUSEHOLD_1_130,CA_4,0.4281233664401463,False
HOUSEHOLD_1_130,TX_1,0.7590172503920544,False
HOUSEHOLD_1_130,TX_2,0.967067433350758,False
HOUSEHOLD_1_130,TX_3,0.7464715107161526,False
HOUSEHOLD_1_130,WI_1,0.3319393622582331,False
HOUSEHOLD_1_130,WI_2,0.5671719811813904,False
HOUSEHOLD_1_130,WI_3,0.3695765812859383,False
HOUSEHOLD_1_133,CA_1,0.6518557239937272,False
HOUSEHOLD_1_133,CA_2,0.3910088865656038,False
HOUSEHOLD_1_133,CA_3,0.2786199686356508,False
HOUSEHOLD_1_133,CA_4,0.2064819654992158,False
HOUSEHOLD_1_133,TX_1,0.0559330893883951,False
HOUSEHOLD_1_133,TX_2,0.174594877156299,False
HOUSEHOLD_1_133,TX_3,0.1207527443805541,False
HOUSEHOLD_1_133,WI_1,1.2289597490852064,False
HOUSEHOLD_1_133,WI_2,0.3842132775744903,False
HOUSEHOLD_1_133,WI_3,0.3591217982226868,False
HOUSEHOLD_1_134,CA_1,0.5441714584422374,False
HOUSEHOLD_1_134,CA_2,0.2613695765812859,False
HOUSEHOLD_1_134,CA_3,0.4856246732880293,False
HOUSEHOLD_1_134,CA_4,0.3026659696811291,False
HOUSEHOLD_1_134,TX_1,0.4976476738107684,False
HOUSEHOLD_1_134,TX_2,0.4877156299006795,False
HOUSEHOLD_1_134,TX_3,0.2937794040773654,False
HOUSEHOLD_1_134,WI_1,0.647151071615264,False
HOUSEHOLD_1_134,WI_2,0.3622582331416623,False
HOUSEHOLD_1_134,WI_3,0.3366440146366963,False
HOUSEHOLD_1_154,CA_1,0.5488761108207004,False
HOUSEHOLD_1_154,CA_2,0.7626764244641924,False
HOUSEHOLD_1_154,CA_3,0.2279142707788813,False
HOUSEHOLD_1_154,CA_4,0.1317302665969681,False
HOUSEHOLD_1_154,TX_1,0.1939362258233141,False
HOUSEHOLD_1_154,TX_2,0.2885520125457397,False
HOUSEHOLD_1_154,TX_3,0.1824359644537375,False
HOUSEHOLD_1_154,WI_1,0.4709879769994772,False
HOUSEHOLD_1_154,WI_2,0.2373235755358076,False
HOUSEHOLD_1_154,WI_3,0.2702561421850497,False
HOUSEHOLD_1_162,CA_1,0.9472033455305804,False
HOUSEHOLD_1_162,CA_2,1.4992158912702562,False
HOUSEHOLD_1_162,CA_3,2.555148980658651,True
HOUSEHOLD_1_162,CA_4,0.5107161526398327,False
HOUSEHOLD_1_162,TX_1,0.7151071615263983,False
HOUSEHOLD_1_162,TX_2,0.985363303711448,False
HOUSEHOLD_1_162,TX_3,0.9351803450078412,False
HOUSEHOLD_1_162,WI_1,0.8578149503397805,False
HOUSEHOLD_1_162,WI_2,1.5692629377940408,True
HOUSEHOLD_1_162,WI_3,1.2216414009409304,False
HOUSEHOLD_1_170,CA_1,0.5614218504966022,False
HOUSEHOLD_1_170,CA_2,0.9566126502875064,False
HOUSEHOLD_1_170,CA_3,1.0449555671719812,False
HOUSEHOLD_1_170,CA_4,0.4652378463146889,False
HOUSEHOLD_1_170,TX_1,0.6576058546785154,False
HOUSEHOLD_1_170,TX_2,0.5305802404600104,False
HOUSEHOLD_1_170,TX_3,0.5901725039205437,False
HOUSEHOLD_1_170,WI_1,1.2404600104547832,False
HOUSEHOLD_1_170,WI_2,1.185572399372713,False
HOUSEHOLD_1_170,WI_3,1.1960271824359645,False
HOUSEHOLD_1_171,CA_1,1.0052273915316257,False
HOUSEHOLD_1_171,CA_2,1.1677992681651856,False
HOUSEHOLD_1_171,CA_3,1.3392577104025092,False
HOUSEHOLD_1_171,CA_4,0.7846314688970204,False
HOUSEHOLD_1_171,TX_1,0.7684265551489806,False
HOUSEHOLD_1_171,TX_2,0.9168844746471512,False
HOUSEHOLD_1_171,TX_3,0.840041819132253,False
HOUSEHOLD_1_171,WI_1,0.6821745948771563,False
HOUSEHOLD_1_171,WI_2,0.8238369053842133,False
HOUSEHOLD_1_171,WI_3,0.6131730266596969,False
HOUSEHOLD_1_177,CA_1,2.0690015682174594,True
HOUSEHOLD_1_177,CA_2,2.4061683220073182,True
HOUSEHOLD_1_177,CA_3,2.989022477783586,True
HOUSEHOLD_1_177,CA_4,1.1097752221641402,False
HOUSEHOLD_1_177,TX_1,1.2969158389963409,False
HOUSEHOLD_1_177,TX_2,1.5295347621536852,True
HOUSEHOLD_1_177,TX_3,1.377417668583377,False
HOUSEHOLD_1_177,WI_1,2.8818609513852587,True
HOUSEHOLD_1_177,WI_2,2.412963930998432,True
HOUSEHOLD_1_177,WI_3,2.727130162049137,True
HOUSEHOLD_1_189,CA_1,0.1562990067956089,False
HOUSEHOLD_1_189,CA_2,0.1578672242550967,False
HOUSEHOLD_1_189,CA_3,0.1197072660742289,False
HOUSEHOLD_1_189,CA_4,0.0862519602718243,False
HOUSEHOLD_1_189,TX_1,0.3376894929430214,False
HOUSEHOLD_1_189,TX_2,0.2875065342394145,False
HOUSEHOLD_1_189,TX_3,0.2733925771040251,False
HOUSEHOLD_1_189,WI_1,0.3465760585467851,False
HOUSEHOLD_1_189,WI_2,0.1301620491374804,False
HOUSEHOLD_1_189,WI_3,0.1955044432828019,False
HOUSEHOLD_1_193,CA_1,0.7689492943021432,False
HOUSEHOLD_1_193,CA_2,1.09147935180345,False
HOUSEHOLD_1_193,CA_3,0.9733403031887088,False
HOUSEHOLD_1_193,CA_4,0.2153685311029796,False
HOUSEHOLD_1_193,TX_1,0.3261892315734448,False
HOUSEHOLD_1_193,TX_2,0.341871406168322,False
HOUSEHOLD_1_193,TX_3,0.3408259278619969,False
HOUSEHOLD_1_193,WI_1,0.6523784631468897,False
HOUSEHOLD_1_193,WI_2,0.7088342916884475,False
HOUSEHOLD_1_193,WI_3,0.2530057501306847,False
HOUSEHOLD_1_207,CA_1,0.3643491897543126,False
HOUSEHOLD_1_207,CA_2,0.1991636173549399,False
HOUSEHOLD_1_207,CA_3,0.3324621014113957,False
HOUSEHOLD_1_207,CA_4,0.1421850496602195,False
HOUSEHOLD_1_207,TX_1,0.934134866701516,False
HOUSEHOLD_1_207,TX_2,0.8065865133298484,False
HOUSEHOLD_1_207,TX_3,0.7469942498693152,False
HOUSEHOLD_1_207,WI_1,0.1630946157867224,False
HOUSEHOLD_1_207,WI_2,0.1657083115525353,False
HOUSEHOLD_1_207,WI_3,0.5216936748562467,False
HOUSEHOLD_1_226,CA_1,0.7673810768426556,False
HOUSEHOLD_1_226,CA_2,0.7093570308416101,False
HOUSEHOLD_1_226,CA_3,1.3031887088342915,False
HOUSEHOLD_1_226,CA_4,0.5734448510193414,False
HOUSEHOLD_1_226,TX_1,0.4824882383690538,False
HOUSEHOLD_1_226,TX_2,0.6058546785154209,False
HOUSEHOLD_1_226,TX_3,0.578672242550967,False
HOUSEHOLD_1_226,WI_1,0.6001045478306325,False
HOUSEHOLD_1_226,WI_2,0.5734448510193414,False
HOUSEHOLD_1_226,WI_3,0.3941453214845792,False
HOUSEHOLD_1_228,CA_1,0.4375326711970727,False
HOUSEHOLD_1_228,CA_2,0.3470987976999477,False
HOUSEHOLD_1_228,CA_3,0.6335598536330371,False
HOUSEHOLD_1_228,CA_4,0.2253005750130684,False
HOUSEHOLD_1_228,TX_1,0.4934657605854678,False
HOUSEHOLD_1_228,TX_2,0.781495033978045,False
HOUSEHOLD_1_228,TX_3,0.5629900679560899,False
HOUSEHOLD_1_228,WI_1,0.2848928384736017,False
HOUSEHOLD_1_228,WI_2,0.3512807109252483,False
HOUSEHOLD_1_228,WI_3,0.2906429691583899,False
HOUSEHOLD_1_231,CA_1,0.3878724516466283,False
HOUSEHOLD_1_231,CA_2,0.229482488238369,False
HOUSEHOLD_1_231,CA_3,0.32723470987977,False
HOUSEHOLD_1_231,CA_4,0.0920020909566126,False
HOUSEHOLD_1_231,TX_1,0.1139571353894406,False
HOUSEHOLD_1_231,TX_2,0.0857292211186617,False
HOUSEHOLD_1_231,TX_3,0.2456874019864088,False
HOUSEHOLD_1_231,WI_1,0.2603240982749608,False
HOUSEHOLD_1_231,WI_2,0.4192368008363826,False
HOUSEHOLD_1_231,WI_3,0.2007318348144276,False
HOUSEHOLD_1_258,CA_1,0.0632514375326711,False
HOUSEHOLD_1_258,CA_2,0.0867746994249869,False
HOUSEHOLD_1_258,CA_3,0.1186617877679038,False
HOUSEHOLD_1_258,CA_4,0.0501829587036069,False
HOUSEHOLD_1_258,TX_1,0.0339780449555671,False
HOUSEHOLD_1_258,TX_2,0.0470465237846314,False
HOUSEHOLD_1_258,TX_3,0.062205959226346,False
HOUSEHOLD_1_258,WI_1,0.0507056978567694,False
HOUSEHOLD_1_258,WI_2,0.1170935703084161,False
HOUSEHOLD_1_258,WI_3,0.0491374803972817,False
HOUSEHOLD_1_266,CA_1,0.279665446941976,False
HOUSEHOLD_1_266,CA_2,0.2028227914270778,False
HOUSEHOLD_1_266,CA_3,0.3863042341871406,False
HOUSEHOLD_1_266,CA_4,0.1646628332462101,False
HOUSEHOLD_1_266,TX_1,0.3439623627809723,False
HOUSEHOLD_1_266,TX_2,0.2916884474647151,False
HOUSEHOLD_1_266,TX_3,0.4882383690538421,False
HOUSEHOLD_1_266,WI_1,0.3256664924202823,False
HOUSEHOLD_1_266,WI_2,0.7569262937794041,False
HOUSEHOLD_1_266,WI_3,0.2624150548876111,False
HOUSEHOLD_1_267,CA_1,0.2702561421850497,False
HOUSEHOLD_1_267,CA_2,0.1040250914793518,False
HOUSEHOLD_1_267,CA_3,0.6884474647151072,False
HOUSEHOLD_1_267,CA_4,0.1939362258233141,False
HOUSEHOLD_1_267,TX_1,0.2090956612650287,False
HOUSEHOLD_1_267,TX_2,0.4155776267642446,False
HOUSEHOLD_1_267,TX_3,0.2598013591217982,False
HOUSEHOLD_1_267,WI_1,0.0893883951907997,False
HOUSEHOLD_1_267,WI_2,0.138003136434919,False
HOUSEHOLD_1_267,WI_3,0.0794563512807109,False
HOUSEHOLD_1_272,CA_1,3.139048614741244,True
HOUSEHOLD_1_272,CA_2,2.752744380554104,True
HOUSEHOLD_1_272,CA_3,8.452692106638787,True
HOUSEHOLD_1_272,CA_4,1.458964976476738,False
HOUSEHOLD_1_272,TX_1,2.0203868269733403,True
HOUSEHOLD_1_272,TX_2,3.2911657083115524,True
HOUSEHOLD_1_272,TX_3,2.712493465760585,True
HOUSEHOLD_1_272,WI_1,0.967067433350758,False
HOUSEHOLD_1_272,WI_2,0.5467851542080502,False
HOUSEHOLD_1_272,WI_3,2.2822791427077886,True
HOUSEHOLD_1_275,CA_1,1.420282279142708,False
HOUSEHOLD_1_275,CA_2,2.184526921066388,True
HOUSEHOLD_1_275,CA_3,3.106116048092002,True
HOUSEHOLD_1_275,CA_4,0.63617354939885,False
HOUSEHOLD_1_275,TX_1,1.857292211186618,True
HOUSEHOLD_1_275,TX_2,1.8452692106638788,True
HOUSEHOLD_1_275,TX_3,1.516466283324621,True
HOUSEHOLD_1_275,WI_1,0.7140616832200731,False
HOUSEHOLD_1_275,WI_2,0.8379508625196027,False
HOUSEHOLD_1_275,WI_3,1.1374803972817564,False
HOUSEHOLD_1_276,CA_1,0.1803450078410872,False
HOUSEHOLD_1_276,CA_2,0.2320961840041819,False
HOUSEHOLD_1_276,CA_3,0.2963930998431782,False
HOUSEHOLD_1_276,CA_4,0.1176163094615786,False
HOUSEHOLD_1_276,TX_1,0.1573444851019341,False
HOUSEHOLD_1_276,TX_2,0.1887088342916884,False
HOUSEHOLD_1_276,TX_3,0.1155253528489283,False
HOUSEHOLD_1_276,WI_1,0.1876633559853633,False
HOUSEHOLD_1_276,WI_2,0.1996863565081024,False
HOUSEHOLD_1_276,WI_3,0.1233664401463669,False
HOUSEHOLD_1_284,CA_1,0.4375326711970727,False
HOUSEHOLD_1_284,CA_2,0.4725561944589649,False
HOUSEHOLD_1_284,CA_3,0.9262937794040772,False
HOUSEHOLD_1_284,CA_4,0.404077365394668,False
HOUSEHOLD_1_284,TX_1,0.5337166753789859,False
HOUSEHOLD_1_284,TX_2,0.3141662310507057,False
HOUSEHOLD_1_284,TX_3,0.4882383690538421,False
HOUSEHOLD_1_284,WI_1,0.2253005750130684,False
HOUSEHOLD_1_284,WI_2,0.2226868792472556,False
HOUSEHOLD_1_284,WI_3,0.2190277051751176,False
HOUSEHOLD_1_290,CA_1,0.4511238891792995,False
HOUSEHOLD_1_290,CA_2,0.3010977522216414,False
HOUSEHOLD_1_290,CA_3,0.5708311552535285,False
HOUSEHOLD_1_290,CA_4,0.1667537898588604,False
HOUSEHOLD_1_290,TX_1,1.3078933612127548,False
HOUSEHOLD_1_290,TX_2,0.7281756403554627,False
HOUSEHOLD_1_290,TX_3,1.2007318348144276,False
HOUSEHOLD_1_290,WI_1,0.2530057501306847,False
HOUSEHOLD_1_290,WI_2,0.8086774699424987,False
HOUSEHOLD_1_290,WI_3,1.1317302665969682,False
HOUSEHOLD_1_291,CA_1,1.3690538421327758,False
HOUSEHOLD_1_291,CA_2,1.113434396236278,False
HOUSEHOLD_1_291,CA_3,1.1071615263983272,False
HOUSEHOLD_1_291,CA_4,0.564035546262415,False
HOUSEHOLD_1_291,TX_1,1.0522739153162572,False
HOUSEHOLD_1_291,TX_2,0.9879769994772608,False
HOUSEHOLD_1_291,TX_3,0.8719289074751699,False
HOUSEHOLD_1_291,WI_1,1.1285938316779929,False
HOUSEHOLD_1_291,WI_2,0.7250392054364871,False
HOUSEHOLD_1_291,WI_3,0.3486670151594354,False
HOUSEHOLD_1_302,CA_1,0.2273915316257187,False
HOUSEHOLD_1_302,CA_2,0.2838473601672765,False
HOUSEHOLD_1_302,CA_3,0.2671197072660742,False
HOUSEHOLD_1_302,CA_4,0.1176163094615786,False
HOUSEHOLD_1_302,TX_1,0.3941453214845792,False
HOUSEHOLD_1_302,TX_2,0.3742812336644014,False
HOUSEHOLD_1_302,TX_3,0.2786199686356508,False
HOUSEHOLD_1_302,WI_1,0.2875065342394145,False
HOUSEHOLD_1_302,WI_2,0.0993204391008886,False
HOUSEHOLD_1_302,WI_3,0.3110297961317302,False
HOUSEHOLD_1_304,CA_1,3.443282801881861,True
HOUSEHOLD_1_304,CA_2,2.511238891792995,True
HOUSEHOLD_1_304,CA_3,6.820700470465238,True
HOUSEHOLD_1_304,CA_4,1.3962362780972295,False
HOUSEHOLD_1_304,TX_1,5.219027705175118,True
HOUSEHOLD_1_304,TX_2,4.989022477783586,True
HOUSEHOLD_1_304,TX_3,4.450078410872974,True
HOUSEHOLD_1_304,WI_1,1.5765812859383168,True
HOUSEHOLD_1_304,WI_2,5.25405122843701,True
HOUSEHOLD_1_304,WI_3,3.952953476215368,True
HOUSEHOLD_1_312,CA_1,0.3277574490329326,False
HOUSEHOLD_1_312,CA_2,0.6450601150026137,False
HOUSEHOLD_1_312,CA_3,0.8405645582854155,False
HOUSEHOLD_1_312,CA_4,0.1923680083638264,False
HOUSEHOLD_1_312,TX_1,0.4202822791427077,False
HOUSEHOLD_1_312,TX_2,0.443282801881861,False
HOUSEHOLD_1_312,TX_3,0.2373235755358076,False
HOUSEHOLD_1_312,WI_1,0.4328280188186095,False
HOUSEHOLD_1_312,WI_2,0.3214845791949817,False
HOUSEHOLD_1_312,WI_3,0.2807109252483011,False
HOUSEHOLD_1_319,CA_1,1.7626764244641924,True
HOUSEHOLD_1_319,CA_2,1.840041819132253,True
HOUSEHOLD_1_319,CA_3,5.23784631468897,True
HOUSEHOLD_1_319,CA_4,0.9309984317825404,False
HOUSEHOLD_1_319,TX_1,3.9539989545216936,True
HOUSEHOLD_1_319,TX_2,4.3580763199163615,True
HOUSEHOLD_1_319,TX_3,2.740198640878202,True
HOUSEHOLD_1_319,WI_1,2.006272869837951,True
HOUSEHOLD_1_319,WI_2,4.071615263983272,True
HOUSEHOLD_1_319,WI_3,2.715107161526398,True
HOUSEHOLD_1_326,CA_1,0.3413486670151594,False
HOUSEHOLD_1_326,CA_2,0.3737584945112389,False
HOUSEHOLD_1_326,CA_3,0.8520648196549921,False
HOUSEHOLD_1_326,CA_4,0.2012545739675901,False
HOUSEHOLD_1_326,TX_1,0.5734448510193414,False
HOUSEHOLD_1_326,TX_2,0.6868792472556194,False
HOUSEHOLD_1_326,TX_3,0.4385781495033978,False
HOUSEHOLD_1_326,WI_1,0.4939884997386304,False
HOUSEHOLD_1_326,WI_2,0.5222164140094093,False
HOUSEHOLD_1_326,WI_3,0.5133298484056456,False
HOUSEHOLD_1_327,CA_1,3.754835337166754,True
HOUSEHOLD_1_327,CA_2,7.170412963930999,True
HOUSEHOLD_1_327,CA_3,10.183481442760062,True
HOUSEHOLD_1_327,CA_4,1.6701515943544172,True
HOUSEHOLD_1_327,TX_1,8.149503397804496,True
HOUSEHOLD_1_327,TX_2,7.879769994772609,True
HOUSEHOLD_1_327,TX_3,7.421850496602196,True
HOUSEHOLD_1_327,WI_1,5.6879247255619445,True
HOUSEHOLD_1_327,WI_2,8.05697856769472,True
HOUSEHOLD_1_327,WI_3,7.59539989545217,True
HOUSEHOLD_1_333,CA_1,0.8123366440146367,False
HOUSEHOLD_1_333,CA_2,0.5854678515420805,False
HOUSEHOLD_1_333,CA_3,0.7490852064819655,False
HOUSEHOLD_1_333,CA_4,0.3366440146366963,False
HOUSEHOLD_1_333,TX_1,0.9827496079456352,False
HOUSEHOLD_1_333,TX_2,1.05488761108207,False
HOUSEHOLD_1_333,TX_3,0.32723470987977,False
HOUSEHOLD_1_333,WI_1,0.4338734971249346,False
HOUSEHOLD_1_333,WI_2,0.1777313120752744,False
HOUSEHOLD_1_333,WI_3,0.2655514898065865,False
HOUSEHOLD_1_347,CA_1,1.446941975953999,False
HOUSEHOLD_1_347,CA_2,2.5013068478829066,True
HOUSEHOLD_1_347,CA_3,3.741244119184527,True
HOUSEHOLD_1_347,CA_4,0.9811813904861474,False
HOUSEHOLD_1_347,TX_1,0.8855201254573968,False
HOUSEHOLD_1_347,TX_2,1.058546785154208,False
HOUSEHOLD_1_347,TX_3,0.8076319916361735,False
HOUSEHOLD_1_347,WI_1,1.1824359644537377,False
HOUSEHOLD_1_347,WI_2,0.9754312598013593,False
HOUSEHOLD_1_347,WI_3,0.7689492943021432,False
HOUSEHOLD_1_349,CA_1,0.9278619968635652,False
HOUSEHOLD_1_349,CA_2,0.6304234187140617,False
HOUSEHOLD_1_349,CA_3,1.6304234187140616,True
HOUSEHOLD_1_349,CA_4,0.1939362258233141,False
HOUSEHOLD_1_349,TX_1,0.5122843700993205,False
HOUSEHOLD_1_349,TX_2,0.4652378463146889,False
HOUSEHOLD_1_349,TX_3,0.7051751176163095,False
HOUSEHOLD_1_349,WI_1,0.4699424986931521,False
HOUSEHOLD_1_349,WI_2,1.9393622582331416,True
HOUSEHOLD_1_349,WI_3,0.8782017773131208,False
HOUSEHOLD_1_350,CA_1,1.5948771562990067,True
HOUSEHOLD_1_350,CA_2,0.9346576058546784,False
HOUSEHOLD_1_350,CA_3,3.360690015682174,True
HOUSEHOLD_1_350,CA_4,0.5243073706220596,False
HOUSEHOLD_1_350,TX_1,0.9372713016204912,False
HOUSEHOLD_1_350,TX_2,1.4218504966021954,False
HOUSEHOLD_1_350,TX_3,1.0580240460010455,False
HOUSEHOLD_1_350,WI_1,0.5039205436487193,False
HOUSEHOLD_1_350,WI_2,0.7726084683742812,False
HOUSEHOLD_1_350,WI_3,1.0700470465237846,False
HOUSEHOLD_1_354,CA_1,0.9498170412963932,False
HOUSEHOLD_1_354,CA_2,2.1531625718766336,True
HOUSEHOLD_1_354,CA_3,2.640878201777313,True
HOUSEHOLD_1_354,CA_4,0.5452169367485624,False
HOUSEHOLD_1_354,TX_1,1.283324621014114,False
HOUSEHOLD_1_354,TX_2,1.1834814427600626,False
HOUSEHOLD_1_354,TX_3,1.3157344485101934,False
HOUSEHOLD_1_354,WI_1,0.7292211186617877,False
HOUSEHOLD_1_354,WI_2,2.4323052796654467,True
HOUSEHOLD_1_354,WI_3,1.9477260846837428,True
HOUSEHOLD_1_375,CA_1,0.4626241505488761,False
HOUSEHOLD_1_375,CA_2,0.8897020386826974,False
HOUSEHOLD_1_375,CA_3,0.7313120752744381,False
HOUSEHOLD_1_375,CA_4,0.1217982226868792,False
HOUSEHOLD_1_375,TX_1,0.1165708311552535,False
HOUSEHOLD_1_375,TX_2,0.2483010977522216,False
HOUSEHOLD_1_375,TX_3,0.1657083115525353,False
HOUSEHOLD_1_375,WI_1,0.6267642446419237,False
HOUSEHOLD_1_375,WI_2,0.2174594877156299,False
HOUSEHOLD_1_375,WI_3,0.1719811813904861,False
HOUSEHOLD_1_381,CA_1,1.3005750130684788,False
HOUSEHOLD_1_381,CA_2,2.066910611604809,True
HOUSEHOLD_1_381,CA_3,1.1657083115525353,False
HOUSEHOLD_1_381,CA_4,0.7501306847882906,False
HOUSEHOLD_1_381,TX_1,0.3815995818086775,False
HOUSEHOLD_1_381,TX_2,0.6889702038682697,False
HOUSEHOLD_1_381,TX_3,0.4124411918452692,False
HOUSEHOLD_1_381,WI_1,1.3026659696811291,False
HOUSEHOLD_1_381,WI_2,0.7584945112388918,False
HOUSEHOLD_1_381,WI_3,0.4579194981704129,False
HOUSEHOLD_1_395,CA_1,0.5290120230005227,False
HOUSEHOLD_1_395,CA_2,0.5525352848928384,False
HOUSEHOLD_1_395,CA_3,1.2875065342394143,False
HOUSEHOLD_1_395,CA_4,0.4652378463146889,False
HOUSEHOLD_1_395,TX_1,0.5969681129116571,False
HOUSEHOLD_1_395,TX_2,0.6649242028227914,False
HOUSEHOLD_1_395,TX_3,0.4176685833768949,False
HOUSEHOLD_1_395,WI_1,0.5316257187663356,False
HOUSEHOLD_1_395,WI_2,0.3951907997909043,False
HOUSEHOLD_1_395,WI_3,0.446941975953999,False
HOUSEHOLD_1_404,CA_1,1.6842655514898066,True
HOUSEHOLD_1_404,CA_2,1.6220595922634606,True
HOUSEHOLD_1_404,CA_3,3.102456874019864,True
HOUSEHOLD_1_404,CA_4,0.4458964976476738,False
HOUSEHOLD_1_404,TX_1,0.7731312075274438,False
HOUSEHOLD_1_404,TX_2,1.3439623627809725,False
HOUSEHOLD_1_404,TX_3,1.1411395713538943,False
HOUSEHOLD_1_404,WI_1,2.231050705697857,True
HOUSEHOLD_1_404,WI_2,2.399895452169368,True
HOUSEHOLD_1_404,WI_3,1.5859905906952432,True
HOUSEHOLD_1_411,CA_1,1.579717720857292,True
HOUSEHOLD_1_411,CA_2,2.375849451123889,True
HOUSEHOLD_1_411,CA_3,3.545739675901725,True
HOUSEHOLD_1_411,CA_4,0.9346576058546784,False
HOUSEHOLD_1_411,TX_1,1.6853110297961318,True
HOUSEHOLD_1_411,TX_2,1.6816518557239937,True
HOUSEHOLD_1_411,TX_3,1.41871406168322,False
HOUSEHOLD_1_411,WI_1,1.2300052273915316,False
HOUSEHOLD_1_411,WI_2,1.5441714584422372,True
HOUSEHOLD_1_411,WI_3,1.151594354417146,False
HOUSEHOLD_1_418,CA_1,5.349189754312598,True
HOUSEHOLD_1_418,CA_2,4.803972817564036,True
HOUSEHOLD_1_418,CA_3,12.0810245687402,True
HOUSEHOLD_1_418,CA_4,1.4312598013591218,False
HOUSEHOLD_1_418,TX_1,7.363303711447988,True
HOUSEHOLD_1_418,TX_2,6.042864610559331,True
HOUSEHOLD_1_418,TX_3,6.1484579194981706,True
HOUSEHOLD_1_418,WI_1,3.040250914793518,True
HOUSEHOLD_1_418,WI_2,9.022477783585993,True
HOUSEHOLD_1_418,WI_3,5.589127025614219,True
HOUSEHOLD_1_421,CA_1,0.5844223732357554,False
HOUSEHOLD_1_421,CA_2,0.4615786722425509,False
HOUSEHOLD_1_421,CA_3,0.6178776790381599,False
HOUSEHOLD_1_421,CA_4,0.2571876633559853,False
HOUSEHOLD_1_421,TX_1,0.3941453214845792,False
HOUSEHOLD_1_421,TX_2,0.4767381076842655,False
HOUSEHOLD_1_421,TX_3,0.5473078933612128,False
HOUSEHOLD_1_421,WI_1,0.4312598013591218,False
HOUSEHOLD_1_421,WI_2,0.9472033455305804,False
HOUSEHOLD_1_421,WI_3,0.6173549398849973,False
HOUSEHOLD_1_422,CA_1,0.8614741244119185,False
HOUSEHOLD_1_422,CA_2,0.4950339780449556,False
HOUSEHOLD_1_422,CA_3,0.2519602718243596,False
HOUSEHOLD_1_422,CA_4,0.3178254051228437,False
HOUSEHOLD_1_422,TX_1,0.3810768426555149,False
HOUSEHOLD_1_422,TX_2,0.7093570308416101,False
HOUSEHOLD_1_422,TX_3,0.5514898065865134,False
HOUSEHOLD_1_422,WI_1,0.2702561421850497,False
HOUSEHOLD_1_422,WI_2,0.2090956612650287,False
HOUSEHOLD_1_422,WI_3,0.1620491374803973,False
HOUSEHOLD_1_439,CA_1,3.364871928907476,True
HOUSEHOLD_1_439,CA_2,5.129639309984317,True
HOUSEHOLD_1_439,CA_3,9.76058546785154,True
HOUSEHOLD_1_439,CA_4,1.441714584422373,False
HOUSEHOLD_1_439,TX_1,7.716152639832724,True
HOUSEHOLD_1_439,TX_2,5.064819654992159,True
HOUSEHOLD_1_439,TX_3,5.323575535807632,True
HOUSEHOLD_1_439,WI_1,3.748039728175641,True
HOUSEHOLD_1_439,WI_2,5.01829587036069,True
HOUSEHOLD_1_439,WI_3,4.2336644014636695,True
HOUSEHOLD_1_449,CA_1,0.5959226346053319,False
HOUSEHOLD_1_449,CA_2,0.2195504443282802,False
HOUSEHOLD_1_449,CA_3,0.7130162049137481,False
HOUSEHOLD_1_449,CA_4,0.0710925248301097,False
HOUSEHOLD_1_449,TX_1,0.992681651855724,False
HOUSEHOLD_1_449,TX_2,0.9722948248823836,False
HOUSEHOLD_1_449,TX_3,1.335598536330371,False
HOUSEHOLD_1_449,WI_1,0.0642969158389963,False
HOUSEHOLD_1_449,WI_2,0.323575535807632,False
HOUSEHOLD_1_449,WI_3,0.0836382645060115,False
HOUSEHOLD_1_451,CA_1,0.3481442760062728,False
HOUSEHOLD_1_451,CA_2,0.3042341871406168,False
HOUSEHOLD_1_451,CA_3,0.4882383690538421,False
HOUSEHOLD_1_451,CA_4,0.3225300575013068,False
HOUSEHOLD_1_451,TX_1,0.2012545739675901,False
HOUSEHOLD_1_451,TX_2,0.2493465760585468,False
HOUSEHOLD_1_451,TX_3,0.1913225300575013,False
HOUSEHOLD_1_451,WI_1,0.2864610559330894,False
HOUSEHOLD_1_451,WI_2,0.2326189231573444,False
HOUSEHOLD_1_451,WI_3,0.1981181390486147,False
HOUSEHOLD_1_455,CA_1,0.4673288029273392,False
HOUSEHOLD_1_455,CA_2,0.3659174072138003,False
HOUSEHOLD_1_455,CA_3,1.2420282279142707,False
HOUSEHOLD_1_455,CA_4,0.3925771040250915,False
HOUSEHOLD_1_455,TX_1,0.2608468374281233,False
HOUSEHOLD_1_455,TX_2,0.2090956612650287,False
HOUSEHOLD_1_455,TX_3,0.3058024046001045,False
HOUSEHOLD_1_455,WI_1,0.3476215368531103,False
HOUSEHOLD_1_455,WI_2,0.4244641923680083,False
HOUSEHOLD_1_455,WI_3,0.2132775744903293,False
HOUSEHOLD_1_456,CA_1,0.4892838473601673,False
HOUSEHOLD_1_456,CA_2,0.6251960271824359,False
HOUSEHOLD_1_456,CA_3,1.4668060637741769,False
HOUSEHOLD_1_456,CA_4,0.4516466283324621,False
HOUSEHOLD_1_456,TX_1,0.7203345530580241,False
HOUSEHOLD_1_456,TX_2,0.8259278619968635,False
HOUSEHOLD_1_456,TX_3,0.9393622582331416,False
HOUSEHOLD_1_456,WI_1,0.4955567171981181,False
HOUSEHOLD_1_456,WI_2,0.7438578149503398,False
HOUSEHOLD_1_456,WI_3,0.5279665446941976,False
HOUSEHOLD_1_465,CA_1,4.604286461055933,True
HOUSEHOLD_1_465,CA_2,4.578149503397804,True
HOUSEHOLD_1_465,CA_3,15.406168322007318,True
HOUSEHOLD_1_465,CA_4,1.410350235232619,False
HOUSEHOLD_1_465,TX_1,6.309461578672242,True
HOUSEHOLD_1_465,TX_2,5.3873497124934655,True
HOUSEHOLD_1_465,TX_3,6.165708311552535,True
HOUSEHOLD_1_465,WI_1,3.032932566649242,True
HOUSEHOLD_1_465,WI_2,9.269733403031887,True
HOUSEHOLD_1_465,WI_3,4.915838996340826,True
HOUSEHOLD_1_471,CA_1,0.9952953476215368,False
HOUSEHOLD_1_471,CA_2,0.7532671197072661,False
HOUSEHOLD_1_471,CA_3,1.3366440146366962,False
HOUSEHOLD_1_471,CA_4,0.548353371667538,False
HOUSEHOLD_1_471,TX_1,0.5258755880815473,False
HOUSEHOLD_1_471,TX_2,0.8980658651332984,False
HOUSEHOLD_1_471,TX_3,0.8536330371144799,False
HOUSEHOLD_1_471,WI_1,0.7088342916884475,False
HOUSEHOLD_1_471,WI_2,0.4547830632514375,False
HOUSEHOLD_1_471,WI_3,0.5326711970726608,False
HOUSEHOLD_1_475,CA_1,0.8849973863042342,False
HOUSEHOLD_1_475,CA_2,1.241505488761108,False
HOUSEHOLD_1_475,CA_3,1.3366440146366962,False
HOUSEHOLD_1_475,CA_4,0.6450601150026137,False
HOUSEHOLD_1_475,TX_1,0.203868269733403,False
HOUSEHOLD_1_475,TX_2,0.5650810245687402,False
HOUSEHOLD_1_475,TX_3,0.2744380554103502,False
HOUSEHOLD_1_475,WI_1,1.4432828018818609,False
HOUSEHOLD_1_475,WI_2,0.9466806063774176,False
HOUSEHOLD_1_475,WI_3,0.6168322007318349,False
HOUSEHOLD_1_480,CA_1,0.2519602718243596,False
HOUSEHOLD_1_480,CA_2,0.251437532671197,False
HOUSEHOLD_1_480,CA_3,0.8870883429168844,False
HOUSEHOLD_1_480,CA_4,0.1521170935703084,False
HOUSEHOLD_1_480,TX_1,0.4950339780449556,False
HOUSEHOLD_1_480,TX_2,0.4516466283324621,False
HOUSEHOLD_1_480,TX_3,0.7475169890224778,False
HOUSEHOLD_1_480,WI_1,0.3962362780972295,False
HOUSEHOLD_1_480,WI_2,0.4809200209095661,False
HOUSEHOLD_1_480,WI_3,0.4208050182958703,False
HOUSEHOLD_1_484,CA_1,0.1740721380031364,False
HOUSEHOLD_1_484,CA_2,0.1265028750653423,False
HOUSEHOLD_1_484,CA_3,0.3288029273392577,False
HOUSEHOLD_1_484,CA_4,0.087820177731312,False
HOUSEHOLD_1_484,TX_1,0.185572399372713,False
HOUSEHOLD_1_484,TX_2,0.2200731834814427,False
HOUSEHOLD_1_484,TX_3,0.2059592263460533,False
HOUSEHOLD_1_484,WI_1,0.1474124411918452,False
HOUSEHOLD_1_484,WI_2,0.1223209618400418,False
HOUSEHOLD_1_484,WI_3,0.0967067433350758,False
HOUSEHOLD_1_492,CA_1,0.3863042341871406,False
HOUSEHOLD_1_492,CA_2,0.7213800313643491,False
HOUSEHOLD_1_492,CA_3,0.6565603763721902,False
HOUSEHOLD_1_492,CA_4,0.2378463146889702,False
HOUSEHOLD_1_492,TX_1,0.3078933612127548,False
HOUSEHOLD_1_492,TX_2,0.2341871406168322,False
HOUSEHOLD_1_492,TX_3,0.1076842655514898,False
HOUSEHOLD_1_492,WI_1,0.6393099843178254,False
HOUSEHOLD_1_492,WI_2,0.2195504443282802,False
HOUSEHOLD_1_492,WI_3,0.2415054887611082,False
HOUSEHOLD_1_501,CA_1,0.2765290120230005,False
HOUSEHOLD_1_501,CA_2,0.3240982749607946,False
HOUSEHOLD_1_501,CA_3,0.3115525352848928,False
HOUSEHOLD_1_501,CA_4,0.1050705697856769,False
HOUSEHOLD_1_501,TX_1,0.167276529012023,False
HOUSEHOLD_1_501,TX_2,0.1317302665969681,False
HOUSEHOLD_1_501,TX_3,0.1150026136957658,False
HOUSEHOLD_1_501,WI_1,0.1876633559853633,False
HOUSEHOLD_1_501,WI_2,0.1165708311552535,False
HOUSEHOLD_1_501,WI_3,0.087820177731312,False
HOUSEHOLD_1_513,CA_1,0.6204913748039729,False
HOUSEHOLD_1_513,CA_2,0.5002613695765813,False
HOUSEHOLD_1_513,CA_3,1.2948248823836903,False
HOUSEHOLD_1_513,CA_4,0.251437532671197,False
HOUSEHOLD_1_513,TX_1,0.5410350235232619,False
HOUSEHOLD_1_513,TX_2,1.0057501306847882,False
HOUSEHOLD_1_513,TX_3,0.6743335075797178,False
HOUSEHOLD_1_513,WI_1,0.178254051228437,False
HOUSEHOLD_1_513,WI_2,0.3376894929430214,False
HOUSEHOLD_1_513,WI_3,0.4364871928907475,False
HOUSEHOLD_1_517,CA_1,4.932043910088866,True
HOUSEHOLD_1_517,CA_2,3.2963930998431783,True
HOUSEHOLD_1_517,CA_3,6.584422373235755,True
HOUSEHOLD_1_517,CA_4,2.047046523784632,True
HOUSEHOLD_1_517,TX_1,3.5776267642446418,True
HOUSEHOLD_1_517,TX_2,2.9592263460533195,True
HOUSEHOLD_1_517,TX_3,3.2409827496079457,True
HOUSEHOLD_1_517,WI_1,1.497124934657606,False
HOUSEHOLD_1_517,WI_2,2.424986931521171,True
HOUSEHOLD_1_517,WI_3,2.9336121275483533,True
HOUSEHOLD_1_520,CA_1,0.7025614218504966,False
HOUSEHOLD_1_520,CA_2,0.7893361212754836,False
HOUSEHOLD_1_520,CA_3,1.1552535284892838,False
HOUSEHOLD_1_520,CA_4,0.5812859383167799,False
HOUSEHOLD_1_520,TX_1,0.2739153162571877,False
HOUSEHOLD_1_520,TX_2,0.2216414009409305,False
HOUSEHOLD_1_520,TX_3,0.2305279665446942,False
HOUSEHOLD_1_520,WI_1,0.38212232096184,False
HOUSEHOLD_1_520,WI_2,0.6591740721380032,False
HOUSEHOLD_1_520,WI_3,0.4971249346576059,False
HOUSEHOLD_1_525,CA_1,0.4014636696288552,False
HOUSEHOLD_1_525,CA_2,0.2906429691583899,False
HOUSEHOLD_1_525,CA_3,0.4568740198640878,False
HOUSEHOLD_1_525,CA_4,0.1542080501829587,False
HOUSEHOLD_1_525,TX_1,0.2164140094093047,False
HOUSEHOLD_1_525,TX_2,0.4155776267642446,False
HOUSEHOLD_1_525,TX_3,0.3481442760062728,False
HOUSEHOLD_1_525,WI_1,0.5101934134866701,False
HOUSEHOLD_1_525,WI_2,0.2990067956089911,False
HOUSEHOLD_1_525,WI_3,0.2728698379508625,False
HOUSEHOLD_1_530,CA_1,0.8264506011500261,False
HOUSEHOLD_1_530,CA_2,0.6596968112911658,False
HOUSEHOLD_1_530,CA_3,0.3538944066910611,False
HOUSEHOLD_1_530,CA_4,0.4756926293779404,False
HOUSEHOLD_1_530,TX_1,0.3173026659696811,False
HOUSEHOLD_1_530,TX_2,0.5248301097752222,False
HOUSEHOLD_1_530,TX_3,0.38212232096184,False
HOUSEHOLD_1_530,WI_1,0.7009932043910089,False
HOUSEHOLD_1_530,WI_2,0.6884474647151072,False
HOUSEHOLD_1_530,WI_3,0.2922111866178777,False
HOUSEHOLD_1_531,CA_1,0.3847360167276529,False
HOUSEHOLD_1_531,CA_2,0.5807631991636174,False
HOUSEHOLD_1_531,CA_3,0.9550444328280188,False
HOUSEHOLD_1_531,CA_4,0.255096706743335,False
HOUSEHOLD_1_531,TX_1,0.6952430737062206,False
HOUSEHOLD_1_531,TX_2,0.7767903815995818,False
HOUSEHOLD_1_531,TX_3,0.5938316779926817,False
HOUSEHOLD_1_531,WI_1,0.494511238891793,False
HOUSEHOLD_1_531,WI_2,0.32723470987977,False
HOUSEHOLD_1_531,WI_3,0.6231050705697857,False
HOUSEHOLD_1_533,CA_1,0.516466283324621,False
HOUSEHOLD_1_533,CA_2,0.4328280188186095,False
HOUSEHOLD_1_533,CA_3,0.5577626764244642,False
HOUSEHOLD_1_533,CA_4,0.4709879769994772,False
HOUSEHOLD_1_533,TX_1,0.2326189231573444,False
HOUSEHOLD_1_533,TX_2,0.2618923157344485,False
HOUSEHOLD_1_533,TX_3,0.2096184004181913,False
HOUSEHOLD_1_533,WI_1,0.3700993204391009,False
HOUSEHOLD_1_533,WI_2,0.2195504443282802,False
HOUSEHOLD_1_533,WI_3,0.1834814427600627,False
HOUSEHOLD_1_539,CA_1,1.864610559330894,True
HOUSEHOLD_1_539,CA_2,1.7036069001568217,True
HOUSEHOLD_1_539,CA_3,1.882906429691584,True
HOUSEHOLD_1_539,CA_4,1.1630946157867224,False
HOUSEHOLD_1_539,TX_1,0.843700993204391,False
HOUSEHOLD_1_539,TX_2,1.250392054364872,False
HOUSEHOLD_1_539,TX_3,1.0998431782540512,False
HOUSEHOLD_1_539,WI_1,2.0935703084161004,True
HOUSEHOLD_1_539,WI_2,1.2300052273915316,False
HOUSEHOLD_1_539,WI_3,0.9696811291165708,False
HOUSEHOLD_2_021,CA_1,0.2200731834814427,False
HOUSEHOLD_2_021,CA_2,0.422373235755358,False
HOUSEHOLD_2_021,CA_3,0.4506011500261369,False
HOUSEHOLD_2_021,CA_4,0.1568217459487715,False
HOUSEHOLD_2_021,TX_1,0.3371667537898589,False
HOUSEHOLD_2_021,TX_2,0.3695765812859383,False
HOUSEHOLD_2_021,TX_3,0.323575535807632,False
HOUSEHOLD_2_021,WI_1,0.185572399372713,False
HOUSEHOLD_2_021,WI_2,0.3220073183481443,False
HOUSEHOLD_2_021,WI_3,0.2535284892838473,False
HOUSEHOLD_2_034,CA_1,0.0888656560376372,False
HOUSEHOLD_2_034,CA_2,0.1155253528489283,False
HOUSEHOLD_2_034,CA_3,0.1223209618400418,False
HOUSEHOLD_2_034,CA_4,0.043910088865656,False
HOUSEHOLD_2_034,TX_1,0.0857292211186617,False
HOUSEHOLD_2_034,TX_2,0.095138525875588,False
HOUSEHOLD_2_034,TX_3,0.07318348144276,False
HOUSEHOLD_2_034,WI_1,0.0904338734971249,False
HOUSEHOLD_2_034,WI_2,0.03659174072138,False
HOUSEHOLD_2_034,WI_3,0.0371144798745426,False
HOUSEHOLD_2_037,CA_1,0.6628332462101412,False
HOUSEHOLD_2_037,CA_2,1.4547830632514376,False
HOUSEHOLD_2_037,CA_3,1.0852064819654992,False
HOUSEHOLD_2_037,CA_4,0.3183481442760063,False
HOUSEHOLD_2_037,TX_1,0.6518557239937272,False
HOUSEHOLD_2_037,TX_2,0.3256664924202823,False
HOUSEHOLD_2_037,TX_3,0.2352326189231573,False
HOUSEHOLD_2_037,WI_1,0.4526921066387872,False
HOUSEHOLD_2_037,WI_2,0.3152117093570308,False
HOUSEHOLD_2_037,WI_3,0.3031887088342916,False
HOUSEHOLD_2_040,CA_1,0.0564558285415577,False
HOUSEHOLD_2_040,CA_2,0.0381599581808677,False
HOUSEHOLD_2_040,CA_3,0.1359121798222687,False
HOUSEHOLD_2_040,CA_4,0.0303188708834291,False
HOUSEHOLD_2_040,TX_1,0.2791427077888134,False
HOUSEHOLD_2_040,TX_2,0.1369576581285938,False
HOUSEHOLD_2_040,TX_3,0.1029796131730266,False
HOUSEHOLD_2_040,WI_1,0.0287506534239414,False
HOUSEHOLD_2_040,WI_2,0.0522739153162571,False
HOUSEHOLD_2_040,WI_3,0.0763199163617354,False
HOUSEHOLD_2_041,CA_1,0.3920543648719289,False
HOUSEHOLD_2_041,CA_2,0.3251437532671197,False
HOUSEHOLD_2_041,CA_3,0.4375326711970727,False
HOUSEHOLD_2_041,CA_4,0.1594354417145844,False
HOUSEHOLD_2_041,TX_1,0.1583899634082592,False
HOUSEHOLD_2_041,TX_2,0.2012545739675901,False
HOUSEHOLD_2_041,TX_3,0.211186617877679,False
HOUSEHOLD_2_041,WI_1,0.1615263983272347,False
HOUSEHOLD_2_041,WI_2,0.1181390486147412,False
HOUSEHOLD_2_041,WI_3,0.1212754835337166,False
HOUSEHOLD_2_047,CA_1,0.5326711970726608,False
HOUSEHOLD_2_047,CA_2,0.9210663878724517,False
HOUSEHOLD_2_047,CA_3,0.7490852064819655,False
HOUSEHOLD_2_047,CA_4,0.3883951907997909,False
HOUSEHOLD_2_047,TX_1,0.3319393622582331,False
HOUSEHOLD_2_047,TX_2,0.4161003659174072,False
HOUSEHOLD_2_047,TX_3,0.3366440146366963,False
HOUSEHOLD_2_047,WI_1,0.4072138003136435,False
HOUSEHOLD_2_047,WI_2,0.4699424986931521,False
HOUSEHOLD_2_047,WI_3,0.367485624673288,False
HOUSEHOLD_2_049,CA_1,0.4678515420805018,False
HOUSEHOLD_2_049,CA_2,0.6346053319393623,False
HOUSEHOLD_2_049,CA_3,0.8259278619968635,False
HOUSEHOLD_2_049,CA_4,0.2932566649242028,False
HOUSEHOLD_2_049,TX_1,0.334553058024046,False
HOUSEHOLD_2_049,TX_2,0.3131207527443805,False
HOUSEHOLD_2_049,TX_3,0.2357553580763199,False
HOUSEHOLD_2_049,WI_1,0.4950339780449556,False
HOUSEHOLD_2_049,WI_2,0.4098274960794563,False
HOUSEHOLD_2_049,WI_3,0.3167799268165185,False
HOUSEHOLD_2_052,CA_1,0.4166231050705697,False
HOUSEHOLD_2_052,CA_2,0.6299006795608991,False
HOUSEHOLD_2_052,CA_3,0.8599059069524307,False
HOUSEHOLD_2_052,CA_4,0.2598013591217982,False
HOUSEHOLD_2_052,TX_1,0.2676424464192368,False
HOUSEHOLD_2_052,TX_2,0.352848928384736,False
HOUSEHOLD_2_052,TX_3,0.2394145321484579,False
HOUSEHOLD_2_052,WI_1,0.2592786199686356,False
HOUSEHOLD_2_052,WI_2,0.2655514898065865,False
HOUSEHOLD_2_052,WI_3,0.2305279665446942,False
HOUSEHOLD_2_056,CA_1,0.2430737062205959,False
HOUSEHOLD_2_056,CA_2,0.2660742289597491,False
HOUSEHOLD_2_056,CA_3,0.3251437532671197,False
HOUSEHOLD_2_056,CA_4,0.1657083115525353,False
HOUSEHOLD_2_056,TX_1,0.0653423941453214,False
HOUSEHOLD_2_056,TX_2,0.1620491374803973,False
HOUSEHOLD_2_056,TX_3,0.0998431782540512,False
HOUSEHOLD_2_056,WI_1,0.1850496602195504,False
HOUSEHOLD_2_056,WI_2,0.0575013068478829,False
HOUSEHOLD_2_056,WI_3,0.1181390486147412,False
HOUSEHOLD_2_058,CA_1,0.1332984840564558,False
HOUSEHOLD_2_058,CA_2,0.1787767903815995,False
HOUSEHOLD_2_058,CA_3,0.1521170935703084,False
HOUSEHOLD_2_058,CA_4,0.0444328280188186,False
HOUSEHOLD_2_058,TX_1,0.0862519602718243,False
HOUSEHOLD_2_058,TX_2,0.1364349189754312,False
HOUSEHOLD_2_058,TX_3,0.0967067433350758,False
HOUSEHOLD_2_058,WI_1,0.1698902247778358,False
HOUSEHOLD_2_058,WI_2,0.1353894406691061,False
HOUSEHOLD_2_058,WI_3,0.1066387872451646,False
HOUSEHOLD_2_061,CA_1,0.3110297961317302,False
HOUSEHOLD_2_061,CA_2,0.2655514898065865,False
HOUSEHOLD_2_061,CA_3,0.483533716675379,False
HOUSEHOLD_2_061,CA_4,0.196549921589127,False
HOUSEHOLD_2_061,TX_1,0.4803972817564035,False
HOUSEHOLD_2_061,TX_2,0.5232618923157345,False
HOUSEHOLD_2_061,TX_3,0.6346053319393623,False
HOUSEHOLD_2_061,WI_1,0.3220073183481443,False
HOUSEHOLD_2_061,WI_2,0.8369053842132775,False
HOUSEHOLD_2_061,WI_3,0.3220073183481443,False
HOUSEHOLD_2_072,CA_1,0.2901202300052274,False
HOUSEHOLD_2_072,CA_2,0.4600104547830632,False
HOUSEHOLD_2_072,CA_3,0.2864610559330894,False
HOUSEHOLD_2_072,CA_4,0.2106638787245164,False
HOUSEHOLD_2_072,TX_1,0.2320961840041819,False
HOUSEHOLD_2_072,TX_2,0.2624150548876111,False
HOUSEHOLD_2_072,TX_3,0.1191845269210663,False
HOUSEHOLD_2_072,WI_1,0.1510716152639832,False
HOUSEHOLD_2_072,WI_2,0.1332984840564558,False
HOUSEHOLD_2_072,WI_3,0.09147935180345,False
HOUSEHOLD_2_076,CA_1,0.6863565081024569,False
HOUSEHOLD_2_076,CA_2,0.905906952430737,False
HOUSEHOLD_2_076,CA_3,1.1170935703084162,False
HOUSEHOLD_2_076,CA_4,0.3267119707266074,False
HOUSEHOLD_2_076,TX_1,0.3225300575013068,False
HOUSEHOLD_2_076,TX_2,0.4699424986931521,False
HOUSEHOLD_2_076,TX_3,0.2247778358599059,False
HOUSEHOLD_2_076,WI_1,0.2671197072660742,False
HOUSEHOLD_2_076,WI_2,0.1557762676424464,False
HOUSEHOLD_2_076,WI_3,0.2284370099320439,False
HOUSEHOLD_2_077,CA_1,0.0867746994249869,False
HOUSEHOLD_2_077,CA_2,0.0418191322530057,False
HOUSEHOLD_2_077,CA_3,0.0334553058024046,False
HOUSEHOLD_2_077,CA_4,0.032932566649242,False
HOUSEHOLD_2_077,TX_1,0.0188186095138525,False
HOUSEHOLD_2_077,TX_2,0.032932566649242,False
HOUSEHOLD_2_077,TX_3,0.0261369576581285,False
HOUSEHOLD_2_077,WI_1,0.1014113957135389,False
HOUSEHOLD_2_077,WI_2,0.0250914793518034,False
HOUSEHOLD_2_077,WI_3,0.0271824359644537,False
HOUSEHOLD_2_086,CA_1,0.05488761108207,False
HOUSEHOLD_2_086,CA_2,0.0742289597490852,False
HOUSEHOLD_2_086,CA_3,0.0815473078933612,False
HOUSEHOLD_2_086,CA_4,0.0392054364871928,False
HOUSEHOLD_2_086,TX_1,0.0397281756403554,False
HOUSEHOLD_2_086,TX_2,0.0454783063251437,False
HOUSEHOLD_2_086,TX_3,0.0564558285415577,False
HOUSEHOLD_2_086,WI_1,0.0454783063251437,False
HOUSEHOLD_2_086,WI_2,0.0308416100365917,False
HOUSEHOLD_2_086,WI_3,0.0334553058024046,False
HOUSEHOLD_2_089,CA_1,0.2875065342394145,False
HOUSEHOLD_2_089,CA_2,0.4453737584945112,False
HOUSEHOLD_2_089,CA_3,0.6377417668583377,False
HOUSEHOLD_2_089,CA_4,0.2284370099320439,False
HOUSEHOLD_2_089,TX_1,0.6246732880292734,False
HOUSEHOLD_2_089,TX_2,0.5781495033978045,False
HOUSEHOLD_2_089,TX_3,0.6670151594354418,False
HOUSEHOLD_2_089,WI_1,0.2770517511761631,False
HOUSEHOLD_2_089,WI_2,0.8844746471510716,False
HOUSEHOLD_2_089,WI_3,0.4129639309984317,False
HOUSEHOLD_2_102,CA_1,0.5797177208572922,False
HOUSEHOLD_2_102,CA_2,0.6565603763721902,False
HOUSEHOLD_2_102,CA_3,0.5263983272347099,False
HOUSEHOLD_2_102,CA_4,0.4208050182958703,False
HOUSEHOLD_2_102,TX_1,0.4025091479351803,False
HOUSEHOLD_2_102,TX_2,0.6110820700470465,False
HOUSEHOLD_2_102,TX_3,0.5901725039205437,False
HOUSEHOLD_2_102,WI_1,0.3805541035023523,False
HOUSEHOLD_2_102,WI_2,0.3863042341871406,False
HOUSEHOLD_2_102,WI_3,0.2577104025091479,False
HOUSEHOLD_2_104,CA_1,0.2420282279142707,False
HOUSEHOLD_2_104,CA_2,0.2493465760585468,False
HOUSEHOLD_2_104,CA_3,0.2634605331939362,False
HOUSEHOLD_2_104,CA_4,0.0909566126502875,False
HOUSEHOLD_2_104,TX_1,0.1035023523261892,False
HOUSEHOLD_2_104,TX_2,0.2472556194458965,False
HOUSEHOLD_2_104,TX_3,0.1406168322007318,False
HOUSEHOLD_2_104,WI_1,0.1447987454260324,False
HOUSEHOLD_2_104,WI_2,0.0480920020909566,False
HOUSEHOLD_2_104,WI_3,0.0998431782540512,False
HOUSEHOLD_2_106,CA_1,0.1913225300575013,False
HOUSEHOLD_2_106,CA_2,0.1327757449032932,False
HOUSEHOLD_2_106,CA_3,0.181913225300575,False
HOUSEHOLD_2_106,CA_4,0.0862519602718243,False
HOUSEHOLD_2_106,TX_1,0.0616832200731834,False
HOUSEHOLD_2_106,TX_2,0.1123889179299529,False
HOUSEHOLD_2_106,TX_3,0.0930475692629378,False
HOUSEHOLD_2_106,WI_1,0.0690015682174595,False
HOUSEHOLD_2_106,WI_2,0.0240460010454783,False
HOUSEHOLD_2_106,WI_3,0.0595922634605331,False
HOUSEHOLD_2_111,CA_1,0.3868269733403032,False
HOUSEHOLD_2_111,CA_2,0.3580763199163617,False
HOUSEHOLD_2_111,CA_3,0.3507579717720857,False
HOUSEHOLD_2_111,CA_4,0.1714584422373235,False
HOUSEHOLD_2_111,TX_1,0.0433873497124934,False
HOUSEHOLD_2_111,TX_2,0.2357553580763199,False
HOUSEHOLD_2_111,TX_3,0.0794563512807109,False
HOUSEHOLD_2_111,WI_1,0.1589127025614218,False
HOUSEHOLD_2_111,WI_2,0.0967067433350758,False
HOUSEHOLD_2_111,WI_3,0.0590695243073706,False
HOUSEHOLD_2_123,CA_1,0.1594354417145844,False
HOUSEHOLD_2_123,CA_2,0.1322530057501307,False
HOUSEHOLD_2_123,CA_3,0.0569785676947203,False
HOUSEHOLD_2_123,CA_4,0.102456874019864,False
HOUSEHOLD_2_123,TX_1,0.1144798745426032,False
HOUSEHOLD_2_123,TX_2,0.1359121798222687,False
HOUSEHOLD_2_123,TX_3,0.0663878724516466,False
HOUSEHOLD_2_123,WI_1,0.1458442237323575,False
HOUSEHOLD_2_123,WI_2,0.1505488761108207,False
HOUSEHOLD_2_123,WI_3,0.0799790904338735,False
HOUSEHOLD_2_129,CA_1,0.1960271824359644,False
HOUSEHOLD_2_129,CA_2,0.1275483533716675,False
HOUSEHOLD_2_129,CA_3,0.1996863565081024,False
HOUSEHOLD_2_129,CA_4,0.09147935180345,False
HOUSEHOLD_2_129,TX_1,0.1102979613173026,False
HOUSEHOLD_2_129,TX_2,0.1704129639309984,False
HOUSEHOLD_2_129,TX_3,0.1395713538944067,False
HOUSEHOLD_2_129,WI_1,0.1071615263983272,False
HOUSEHOLD_2_129,WI_2,0.0580240460010454,False
HOUSEHOLD_2_129,WI_3,0.0852064819654992,False
HOUSEHOLD_2_130,CA_1,0.0642969158389963,False
HOUSEHOLD_2_130,CA_2,0.0527966544694197,False
HOUSEHOLD_2_130,CA_3,0.0946157867224255,False
HOUSEHOLD_2_130,CA_4,0.0324098274960794,False
HOUSEHOLD_2_130,TX_1,0.0287506534239414,False
HOUSEHOLD_2_130,TX_2,0.0507056978567694,False
HOUSEHOLD_2_130,TX_3,0.0345007841087297,False
HOUSEHOLD_2_130,WI_1,0.0214323052796654,False
HOUSEHOLD_2_130,WI_2,0.0120230005227391,False
HOUSEHOLD_2_130,WI_3,0.0209095661265028,False
HOUSEHOLD_2_138,CA_1,0.1212754835337166,False
HOUSEHOLD_2_138,CA_2,0.1364349189754312,False
HOUSEHOLD_2_138,CA_3,0.0862519602718243,False
HOUSEHOLD_2_138,CA_4,0.0757971772085729,False
HOUSEHOLD_2_138,TX_1,0.058546785154208,False
HOUSEHOLD_2_138,TX_2,0.0956612650287506,False
HOUSEHOLD_2_138,TX_3,0.0376372190277051,False
HOUSEHOLD_2_138,WI_1,0.1181390486147412,False
HOUSEHOLD_2_138,WI_2,0.0428646105593308,False
HOUSEHOLD_2_138,WI_3,0.0627286983795086,False
HOUSEHOLD_2_143,CA_1,0.2326189231573444,False
HOUSEHOLD_2_143,CA_2,0.6816518557239938,False
HOUSEHOLD_2_143,CA_3,0.5577626764244642,False
HOUSEHOLD_2_143,CA_4,0.2603240982749608,False
HOUSEHOLD_2_143,TX_1,0.170935703084161,False
HOUSEHOLD_2_143,TX_2,0.2707788813382122,False
HOUSEHOLD_2_143,TX_3,0.2028227914270778,False
HOUSEHOLD_2_143,WI_1,0.251437532671197,False
HOUSEHOLD_2_143,WI_2,0.1829587036069001,False
HOUSEHOLD_2_143,WI_3,0.1923680083638264,False
HOUSEHOLD_2_151,CA_1,0.0606377417668583,False
HOUSEHOLD_2_151,CA_2,0.0752744380554103,False
HOUSEHOLD_2_151,CA_3,0.0799790904338735,False
HOUSEHOLD_2_151,CA_4,0.0726607422895974,False
HOUSEHOLD_2_151,TX_1,0.0778881338212232,False
HOUSEHOLD_2_151,TX_2,0.0637741766858337,False
HOUSEHOLD_2_151,TX_3,0.0564558285415577,False
HOUSEHOLD_2_151,WI_1,0.0470465237846314,False
HOUSEHOLD_2_151,WI_2,0.0287506534239414,False
HOUSEHOLD_2_151,WI_3,0.0480920020909566,False
HOUSEHOLD_2_156,CA_1,0.1411395713538944,False
HOUSEHOLD_2_156,CA_2,0.2901202300052274,False
HOUSEHOLD_2_156,CA_3,0.2969158389963408,False
HOUSEHOLD_2_156,CA_4,0.1317302665969681,False
HOUSEHOLD_2_156,TX_1,0.1834814427600627,False
HOUSEHOLD_2_156,TX_2,0.1531625718766335,False
HOUSEHOLD_2_156,TX_3,0.1102979613173026,False
HOUSEHOLD_2_156,WI_1,0.1233664401463669,False
HOUSEHOLD_2_156,WI_2,0.1458442237323575,False
HOUSEHOLD_2_156,WI_3,0.1630946157867224,False
HOUSEHOLD_2_174,CA_1,0.1165708311552535,False
HOUSEHOLD_2_174,CA_2,0.1651855723993727,False
HOUSEHOLD_2_174,CA_3,0.2446419236800836,False
HOUSEHOLD_2_174,CA_4,0.0846837428123366,False
HOUSEHOLD_2_174,TX_1,0.0710925248301097,False
HOUSEHOLD_2_174,TX_2,0.1657083115525353,False
HOUSEHOLD_2_174,TX_3,0.0862519602718243,False
HOUSEHOLD_2_174,WI_1,0.1191845269210663,False
HOUSEHOLD_2_174,WI_2,0.0350235232618923,False
HOUSEHOLD_2_174,WI_3,0.098797699947726,False
HOUSEHOLD_2_177,CA_1,0.1594354417145844,False
HOUSEHOLD_2_177,CA_2,0.0836382645060115,False
HOUSEHOLD_2_177,CA_3,0.1453214845791949,False
HOUSEHOLD_2_177,CA_4,0.1035023523261892,False
HOUSEHOLD_2_177,TX_1,0.1144798745426032,False
HOUSEHOLD_2_177,TX_2,0.1604809200209095,False
HOUSEHOLD_2_177,TX_3,0.0867746994249869,False
HOUSEHOLD_2_177,WI_1,0.0705697856769472,False
HOUSEHOLD_2_177,WI_2,0.0423418714061683,False
HOUSEHOLD_2_177,WI_3,0.0595922634605331,False
HOUSEHOLD_2_178,CA_1,0.4035546262415055,False
HOUSEHOLD_2_178,CA_2,0.4249869315211709,False
HOUSEHOLD_2_178,CA_3,0.698379508625196,False
HOUSEHOLD_2_178,CA_4,0.3653946680606377,False
HOUSEHOLD_2_178,TX_1,0.334553058024046,False
HOUSEHOLD_2_178,TX_2,0.5253528489283847,False
HOUSEHOLD_2_178,TX_3,0.3538944066910611,False
HOUSEHOLD_2_178,WI_1,0.1803450078410872,False
HOUSEHOLD_2_178,WI_2,0.1698902247778358,False
HOUSEHOLD_2_178,WI_3,0.2300052273915316,False
HOUSEHOLD_2_189,CA_1,0.1630946157867224,False
HOUSEHOLD_2_189,CA_2,0.1233664401463669,False
HOUSEHOLD_2_189,CA_3,0.0925248301097752,False
HOUSEHOLD_2_189,CA_4,0.0663878724516466,False
HOUSEHOLD_2_189,TX_1,0.0386826973340303,False
HOUSEHOLD_2_189,TX_2,0.0747516989022477,False
HOUSEHOLD_2_189,TX_3,0.0381599581808677,False
HOUSEHOLD_2_189,WI_1,0.1453214845791949,False
HOUSEHOLD_2_189,WI_2,0.0386826973340303,False
HOUSEHOLD_2_189,WI_3,0.0569785676947203,False
HOUSEHOLD_2_190,CA_1,0.1291165708311552,False
HOUSEHOLD_2_190,CA_2,0.3470987976999477,False
HOUSEHOLD_2_190,CA_3,0.2132775744903293,False
HOUSEHOLD_2_190,CA_4,0.1176163094615786,False
HOUSEHOLD_2_190,TX_1,0.2059592263460533,False
HOUSEHOLD_2_190,TX_2,0.2592786199686356,False
HOUSEHOLD_2_190,TX_3,0.3021432305279665,False
HOUSEHOLD_2_190,WI_1,0.4375326711970727,False
HOUSEHOLD_2_190,WI_2,0.810768426555149,False
HOUSEHOLD_2_190,WI_3,0.1301620491374804,False
HOUSEHOLD_2_219,CA_1,0.6204913748039729,False
HOUSEHOLD_2_219,CA_2,0.7835859905906952,False
HOUSEHOLD_2_219,CA_3,1.6633559853633038,True
HOUSEHOLD_2_219,CA_4,0.4584422373235755,False
HOUSEHOLD_2_219,TX_1,0.4678515420805018,False
HOUSEHOLD_2_219,TX_2,0.7219027705175117,False
HOUSEHOLD_2_219,TX_3,0.7067433350757972,False
HOUSEHOLD_2_219,WI_1,0.3157344485101934,False
HOUSEHOLD_2_219,WI_2,0.5023523261892315,False
HOUSEHOLD_2_219,WI_3,0.7140616832200731,False
HOUSEHOLD_2_225,CA_1,0.8013591217982227,False
HOUSEHOLD_2_225,CA_2,0.571353894406691,False
HOUSEHOLD_2_225,CA_3,0.8055410350235233,False
HOUSEHOLD_2_225,CA_4,0.2843700993204391,False
HOUSEHOLD_2_225,TX_1,0.7537898588604286,False
HOUSEHOLD_2_225,TX_2,0.4652378463146889,False
HOUSEHOLD_2_225,TX_3,0.4443282801881861,False
HOUSEHOLD_2_225,WI_1,0.4563512807109252,False
HOUSEHOLD_2_225,WI_2,0.6126502875065343,False
HOUSEHOLD_2_225,WI_3,0.378463146889702,False
HOUSEHOLD_2_236,CA_1,0.2681651855723994,False
HOUSEHOLD_2_236,CA_2,0.1615263983272347,False
HOUSEHOLD_2_236,CA_3,0.2503920543648719,False
HOUSEHOLD_2_236,CA_4,0.1860951385258756,False
HOUSEHOLD_2_236,TX_1,0.1641400940930475,False
HOUSEHOLD_2_236,TX_2,0.3026659696811291,False
HOUSEHOLD_2_236,TX_3,0.2394145321484579,False
HOUSEHOLD_2_236,WI_1,0.1071615263983272,False
HOUSEHOLD_2_236,WI_2,0.0527966544694197,False
HOUSEHOLD_2_236,WI_3,0.1055933089388395,False
HOUSEHOLD_2_237,CA_1,0.4140094093047569,False
HOUSEHOLD_2_237,CA_2,0.3063251437532671,False
HOUSEHOLD_2_237,CA_3,0.371144798745426,False
HOUSEHOLD_2_237,CA_4,0.1102979613173026,False
HOUSEHOLD_2_237,TX_1,0.1526398327234709,False
HOUSEHOLD_2_237,TX_2,0.3016204913748039,False
HOUSEHOLD_2_237,TX_3,0.2378463146889702,False
HOUSEHOLD_2_237,WI_1,0.1881860951385258,False
HOUSEHOLD_2_237,WI_2,0.0747516989022477,False
HOUSEHOLD_2_237,WI_3,0.1113434396236278,False
HOUSEHOLD_2_240,CA_1,0.5243073706220596,False
HOUSEHOLD_2_240,CA_2,0.6299006795608991,False
HOUSEHOLD_2_240,CA_3,0.549398849973863,False
HOUSEHOLD_2_240,CA_4,0.1165708311552535,False
HOUSEHOLD_2_240,TX_1,0.1197072660742289,False
HOUSEHOLD_2_240,TX_2,0.4343962362780972,False
HOUSEHOLD_2_240,TX_3,0.1050705697856769,False
HOUSEHOLD_2_240,WI_1,0.3110297961317302,False
HOUSEHOLD_2_240,WI_2,0.1045478306325143,False
HOUSEHOLD_2_240,WI_3,0.1118661787767903,False
HOUSEHOLD_2_243,CA_1,0.1338212232096184,False
HOUSEHOLD_2_243,CA_2,0.1725039205436487,False
HOUSEHOLD_2_243,CA_3,0.1824359644537375,False
HOUSEHOLD_2_243,CA_4,0.1123889179299529,False
HOUSEHOLD_2_243,TX_1,0.0611604809200209,False
HOUSEHOLD_2_243,TX_2,0.106116048092002,False
HOUSEHOLD_2_243,TX_3,0.05488761108207,False
HOUSEHOLD_2_243,WI_1,0.0559330893883951,False
HOUSEHOLD_2_243,WI_2,0.032932566649242,False
HOUSEHOLD_2_243,WI_3,0.0480920020909566,False
HOUSEHOLD_2_251,CA_1,0.2064819654992158,False
HOUSEHOLD_2_251,CA_2,0.3005750130684788,False
HOUSEHOLD_2_251,CA_3,0.7428123366440146,False
HOUSEHOLD_2_251,CA_4,0.1798222686879247,False
HOUSEHOLD_2_251,TX_1,0.7992681651855724,False
HOUSEHOLD_2_251,TX_2,0.7543125980135912,False
HOUSEHOLD_2_251,TX_3,0.3904861474124412,False
HOUSEHOLD_2_251,WI_1,0.2503920543648719,False
HOUSEHOLD_2_251,WI_2,0.2723470987976999,False
HOUSEHOLD_2_251,WI_3,0.2598013591217982,False
HOUSEHOLD_2_256,CA_1,0.9654992158912704,False
HOUSEHOLD_2_256,CA_2,0.992681651855724,False
HOUSEHOLD_2_256,CA_3,0.6502875065342394,False
HOUSEHOLD_2_256,CA_4,0.3753267119707266,False
HOUSEHOLD_2_256,TX_1,0.2943021432305279,False
HOUSEHOLD_2_256,TX_2,0.7794040773653946,False
HOUSEHOLD_2_256,TX_3,0.374803972817564,False
HOUSEHOLD_2_256,WI_1,0.680083638264506,False
HOUSEHOLD_2_256,WI_2,0.1620491374803973,False
HOUSEHOLD_2_256,WI_3,0.2843700993204391,False
HOUSEHOLD_2_261,CA_1,0.3622582331416623,False
HOUSEHOLD_2_261,CA_2,0.4046001045478306,False
HOUSEHOLD_2_261,CA_3,0.4485101934134867,False
HOUSEHOLD_2_261,CA_4,0.1552535284892838,False
HOUSEHOLD_2_261,TX_1,0.1902770517511761,False
HOUSEHOLD_2_261,TX_2,0.2216414009409305,False
HOUSEHOLD_2_261,TX_3,0.1813904861474124,False
HOUSEHOLD_2_261,WI_1,0.1442760062728698,False
HOUSEHOLD_2_261,WI_2,0.1170935703084161,False
HOUSEHOLD_2_261,WI_3,0.1343439623627809,False
HOUSEHOLD_2_265,CA_1,0.3591217982226868,False
HOUSEHOLD_2_265,CA_2,0.4035546262415055,False
HOUSEHOLD_2_265,CA_3,0.3173026659696811,False
HOUSEHOLD_2_265,CA_4,0.2064819654992158,False
HOUSEHOLD_2_265,TX_1,0.203868269733403,False
HOUSEHOLD_2_265,TX_2,0.341871406168322,False
HOUSEHOLD_2_265,TX_3,0.2179822268687924,False
HOUSEHOLD_2_265,WI_1,0.1463669628855201,False
HOUSEHOLD_2_265,WI_2,0.0904338734971249,False
HOUSEHOLD_2_265,WI_3,0.1792995295347621,False
HOUSEHOLD_2_272,CA_1,0.1913225300575013,False
HOUSEHOLD_2_272,CA_2,0.2791427077888134,False
HOUSEHOLD_2_272,CA_3,0.2718243596445374,False
HOUSEHOLD_2_272,CA_4,0.084161003659174,False
HOUSEHOLD_2_272,TX_1,0.1291165708311552,False
HOUSEHOLD_2_272,TX_2,0.1620491374803973,False
HOUSEHOLD_2_272,TX_3,0.1536853110297961,False
HOUSEHOLD_2_272,WI_1,0.1400940930475692,False
HOUSEHOLD_2_272,WI_2,0.1181390486147412,False
HOUSEHOLD_2_272,WI_3,0.0752744380554103,False
HOUSEHOLD_2_275,CA_1,0.3842132775744903,False
HOUSEHOLD_2_275,CA_2,0.6299006795608991,False
HOUSEHOLD_2_275,CA_3,0.5760585467851542,False
HOUSEHOLD_2_275,CA_4,0.2467328802927339,False
HOUSEHOLD_2_275,TX_1,0.1834814427600627,False
HOUSEHOLD_2_275,TX_2,0.3042341871406168,False
HOUSEHOLD_2_275,TX_3,0.2598013591217982,False
HOUSEHOLD_2_275,WI_1,0.3915316257187663,False
HOUSEHOLD_2_275,WI_2,0.4082592786199686,False
HOUSEHOLD_2_275,WI_3,0.2472556194458965,False
HOUSEHOLD_2_280,CA_1,0.1500261369576581,False
HOUSEHOLD_2_280,CA_2,0.1160480920020909,False
HOUSEHOLD_2_280,CA_3,0.1500261369576581,False
HOUSEHOLD_2_280,CA_4,0.0569785676947203,False
HOUSEHOLD_2_280,TX_1,0.076842655514898,False
HOUSEHOLD_2_280,TX_2,0.087820177731312,False
HOUSEHOLD_2_280,TX_3,0.1144798745426032,False
HOUSEHOLD_2_280,WI_1,0.0852064819654992,False
HOUSEHOLD_2_280,WI_2,0.0820700470465237,False
HOUSEHOLD_2_280,WI_3,0.0554103502352326,False
HOUSEHOLD_2_281,CA_1,0.3465760585467851,False
HOUSEHOLD_2_281,CA_2,0.5300575013068479,False
HOUSEHOLD_2_281,CA_3,0.6246732880292734,False
HOUSEHOLD_2_281,CA_4,0.1772085729221118,False
HOUSEHOLD_2_281,TX_1,0.2049137480397281,False
HOUSEHOLD_2_281,TX_2,0.3152117093570308,False
HOUSEHOLD_2_281,TX_3,0.2226868792472556,False
HOUSEHOLD_2_281,WI_1,0.2566649242028228,False
HOUSEHOLD_2_281,WI_2,0.2655514898065865,False
HOUSEHOLD_2_281,WI_3,0.233141662310507,False
HOUSEHOLD_2_286,CA_1,0.1500261369576581,False
HOUSEHOLD_2_286,CA_2,0.2174594877156299,False
HOUSEHOLD_2_286,CA_3,0.1338212232096184,False
HOUSEHOLD_2_286,CA_4,0.1129116570831155,False
HOUSEHOLD_2_286,TX_1,0.058546785154208,False
HOUSEHOLD_2_286,TX_2,0.1887088342916884,False
HOUSEHOLD_2_286,TX_3,0.0507056978567694,False
HOUSEHOLD_2_286,WI_1,0.0716152639832723,False
HOUSEHOLD_2_286,WI_2,0.0700470465237846,False
HOUSEHOLD_2_286,WI_3,0.0778881338212232,False
HOUSEHOLD_2_290,CA_1,0.1150026136957658,False
HOUSEHOLD_2_290,CA_2,0.1202300052273915,False
HOUSEHOLD_2_290,CA_3,0.1406168322007318,False
HOUSEHOLD_2_290,CA_4,0.0642969158389963,False
HOUSEHOLD_2_290,TX_1,0.0496602195504443,False
HOUSEHOLD_2_290,TX_2,0.0852064819654992,False
HOUSEHOLD_2_290,TX_3,0.0632514375326711,False
HOUSEHOLD_2_290,WI_1,0.159958180867747,False
HOUSEHOLD_2_290,WI_2,0.0564558285415577,False
HOUSEHOLD_2_290,WI_3,0.0893883951907997,False
HOUSEHOLD_2_293,CA_1,0.1693674856246733,False
HOUSEHOLD_2_293,CA_2,0.3915316257187663,False
HOUSEHOLD_2_293,CA_3,0.4830109775222164,False
HOUSEHOLD_2_293,CA_4,0.1102979613173026,False
HOUSEHOLD_2_293,TX_1,0.1604809200209095,False
HOUSEHOLD_2_293,TX_2,0.1568217459487715,False
HOUSEHOLD_2_293,TX_3,0.159958180867747,False
HOUSEHOLD_2_293,WI_1,0.1317302665969681,False
HOUSEHOLD_2_293,WI_2,0.1035023523261892,False
HOUSEHOLD_2_293,WI_3,0.09147935180345,False
HOUSEHOLD_2_304,CA_1,0.1453214845791949,False
HOUSEHOLD_2_304,CA_2,0.1066387872451646,False
HOUSEHOLD_2_304,CA_3,0.1657083115525353,False
HOUSEHOLD_2_304,CA_4,0.0433873497124934,False
HOUSEHOLD_2_304,TX_1,0.0700470465237846,False
HOUSEHOLD_2_304,TX_2,0.1134343962362781,False
HOUSEHOLD_2_304,TX_3,0.0773653946680606,False
HOUSEHOLD_2_304,WI_1,0.0940930475692629,False
HOUSEHOLD_2_304,WI_2,0.0454783063251437,False
HOUSEHOLD_2_304,WI_3,0.0669106116048092,False
HOUSEHOLD_2_323,CA_1,0.167276529012023,False
HOUSEHOLD_2_323,CA_2,0.1244119184526921,False
HOUSEHOLD_2_323,CA_3,0.3706220595922634,False
HOUSEHOLD_2_323,CA_4,0.1076842655514898,False
HOUSEHOLD_2_323,TX_1,0.2639832723470988,False
HOUSEHOLD_2_323,TX_2,0.3842132775744903,False
HOUSEHOLD_2_323,TX_3,0.258755880815473,False
HOUSEHOLD_2_323,WI_1,0.0998431782540512,False
HOUSEHOLD_2_323,WI_2,0.1792995295347621,False
HOUSEHOLD_2_323,WI_3,0.2237323575535807,False
HOUSEHOLD_2_328,CA_1,0.3246210141139571,False
HOUSEHOLD_2_328,CA_2,0.4359644537375849,False
HOUSEHOLD_2_328,CA_3,0.5598536330371144,False
HOUSEHOLD_2_328,CA_4,0.1432305279665447,False
HOUSEHOLD_2_328,TX_1,0.2043910088865656,False
HOUSEHOLD_2_328,TX_2,0.2843700993204391,False
HOUSEHOLD_2_328,TX_3,0.1803450078410872,False
HOUSEHOLD_2_328,WI_1,0.1589127025614218,False
HOUSEHOLD_2_328,WI_2,0.1306847882906429,False
HOUSEHOLD_2_328,WI_3,0.1557762676424464,False
HOUSEHOLD_2_329,CA_1,0.4202822791427077,False
HOUSEHOLD_2_329,CA_2,1.0480920020909563,False
HOUSEHOLD_2_329,CA_3,0.7898588604286461,False
HOUSEHOLD_2_329,CA_4,0.0920020909566126,False
HOUSEHOLD_2_329,TX_1,0.4767381076842655,False
HOUSEHOLD_2_329,TX_2,0.6215368531102979,False
HOUSEHOLD_2_329,TX_3,0.3000522739153162,False
HOUSEHOLD_2_329,WI_1,0.3863042341871406,False
HOUSEHOLD_2_329,WI_2,0.3831677992681652,False
HOUSEHOLD_2_329,WI_3,0.4448510193413487,False
HOUSEHOLD_2_330,CA_1,0.069524307370622,False
HOUSEHOLD_2_330,CA_2,0.0721380031364349,False
HOUSEHOLD_2_330,CA_3,0.1364349189754312,False
HOUSEHOLD_2_330,CA_4,0.0575013068478829,False
HOUSEHOLD_2_330,TX_1,0.0193413486670151,False
HOUSEHOLD_2_330,TX_2,0.0480920020909566,False
HOUSEHOLD_2_330,TX_3,0.0423418714061683,False
HOUSEHOLD_2_330,WI_1,0.084161003659174,False
HOUSEHOLD_2_330,WI_2,0.0303188708834291,False
HOUSEHOLD_2_330,WI_3,0.0616832200731834,False
HOUSEHOLD_2_335,CA_1,0.4281233664401463,False
HOUSEHOLD_2_335,CA_2,0.3193936225823314,False
HOUSEHOLD_2_335,CA_3,0.3852587558808155,False
HOUSEHOLD_2_335,CA_4,0.203868269733403,False
HOUSEHOLD_2_335,TX_1,0.1217982226868792,False
HOUSEHOLD_2_335,TX_2,0.2268687924725562,False
HOUSEHOLD_2_335,TX_3,0.2409827496079456,False
HOUSEHOLD_2_335,WI_1,0.2524830109775222,False
HOUSEHOLD_2_335,WI_2,0.1176163094615786,False
HOUSEHOLD_2_335,WI_3,0.0857292211186617,False
HOUSEHOLD_2_336,CA_1,0.9994772608468374,False
HOUSEHOLD_2_336,CA_2,1.810768426555149,True
HOUSEHOLD_2_336,CA_3,2.0020909566126504,True
HOUSEHOLD_2_336,CA_4,0.4929430214323053,False
HOUSEHOLD_2_336,TX_1,0.7433350757971772,False
HOUSEHOLD_2_336,TX_2,0.5692629377940408,False
HOUSEHOLD_2_336,TX_3,0.7443805541035023,False
HOUSEHOLD_2_336,WI_1,0.4924202822791427,False
HOUSEHOLD_2_336,WI_2,0.4354417145844224,False
HOUSEHOLD_2_336,WI_3,0.7877679038159958,False
HOUSEHOLD_2_337,CA_1,0.2671197072660742,False
HOUSEHOLD_2_337,CA_2,0.3026659696811291,False
HOUSEHOLD_2_337,CA_3,0.3727130162049137,False
HOUSEHOLD_2_337,CA_4,0.1777313120752744,False
HOUSEHOLD_2_337,TX_1,0.196549921589127,False
HOUSEHOLD_2_337,TX_2,0.3136434918975431,False
HOUSEHOLD_2_337,TX_3,0.1808677469942498,False
HOUSEHOLD_2_337,WI_1,0.1332984840564558,False
HOUSEHOLD_2_337,WI_2,0.1055933089388395,False
HOUSEHOLD_2_337,WI_3,0.1625718766335598,False
HOUSEHOLD_2_345,CA_1,0.3946680606377418,False
HOUSEHOLD_2_345,CA_2,0.2049137480397281,False
HOUSEHOLD_2_345,CA_3,0.2498693152117093,False
HOUSEHOLD_2_345,CA_4,0.1704129639309984,False
HOUSEHOLD_2_345,TX_1,0.0726607422895974,False
HOUSEHOLD_2_345,TX_2,0.1840041819132253,False
HOUSEHOLD_2_345,TX_3,0.1118661787767903,False
HOUSEHOLD_2_345,WI_1,0.2310507056978567,False
HOUSEHOLD_2_345,WI_2,0.0705697856769472,False
HOUSEHOLD_2_345,WI_3,0.065865133298484,False
HOUSEHOLD_2_349,CA_1,0.7245164662833247,False
HOUSEHOLD_2_349,CA_2,1.2446419236800836,False
HOUSEHOLD_2_349,CA_3,1.4641923680083635,False
HOUSEHOLD_2_349,CA_4,0.4145321484579195,False
HOUSEHOLD_2_349,TX_1,0.4824882383690538,False
HOUSEHOLD_2_349,TX_2,0.4532148457919498,False
HOUSEHOLD_2_349,TX_3,0.356508102456874,False
HOUSEHOLD_2_349,WI_1,0.4756926293779404,False
HOUSEHOLD_2_349,WI_2,0.1845269210663878,False
HOUSEHOLD_2_349,WI_3,0.2117093570308416,False
HOUSEHOLD_2_352,CA_1,0.3444851019341348,False
HOUSEHOLD_2_352,CA_2,0.2937794040773654,False
HOUSEHOLD_2_352,CA_3,0.1803450078410872,False
HOUSEHOLD_2_352,CA_4,0.1296393099843178,False
HOUSEHOLD_2_352,TX_1,0.0773653946680606,False
HOUSEHOLD_2_352,TX_2,0.2080501829587036,False
HOUSEHOLD_2_352,TX_3,0.0716152639832723,False
HOUSEHOLD_2_352,WI_1,0.3580763199163617,False
HOUSEHOLD_2_352,WI_2,0.0339780449555671,False
HOUSEHOLD_2_352,WI_3,0.1374803972817564,False
HOUSEHOLD_2_355,CA_1,0.2901202300052274,False
HOUSEHOLD_2_355,CA_2,0.7679038159958181,False
HOUSEHOLD_2_355,CA_3,0.4600104547830632,False
HOUSEHOLD_2_355,CA_4,0.2101411395713538,False
HOUSEHOLD_2_355,TX_1,0.2101411395713538,False
HOUSEHOLD_2_355,TX_2,0.2775744903293257,False
HOUSEHOLD_2_355,TX_3,0.2394145321484579,False
HOUSEHOLD_2_355,WI_1,0.1871406168322007,False
HOUSEHOLD_2_355,WI_2,0.2085729221118661,False
HOUSEHOLD_2_355,WI_3,0.247778358599059,False
HOUSEHOLD_2_376,CA_1,0.5744903293256665,False
HOUSEHOLD_2_376,CA_2,0.3805541035023523,False
HOUSEHOLD_2_376,CA_3,0.8870883429168844,False
HOUSEHOLD_2_376,CA_4,0.3021432305279665,False
HOUSEHOLD_2_376,TX_1,0.3267119707266074,False
HOUSEHOLD_2_376,TX_2,0.3084161003659174,False
HOUSEHOLD_2_376,TX_3,0.4328280188186095,False
HOUSEHOLD_2_376,WI_1,0.2995295347621536,False
HOUSEHOLD_2_376,WI_2,0.5399895452169368,False
HOUSEHOLD_2_376,WI_3,0.4244641923680083,False
HOUSEHOLD_2_384,CA_1,0.2253005750130684,False
HOUSEHOLD_2_384,CA_2,0.3925771040250915,False
HOUSEHOLD_2_384,CA_3,0.6372190277051751,False
HOUSEHOLD_2_384,CA_4,0.1296393099843178,False
HOUSEHOLD_2_384,TX_1,0.4323052796654469,False
HOUSEHOLD_2_384,TX_2,0.4479874542603241,False
HOUSEHOLD_2_384,TX_3,0.3340303188708834,False
HOUSEHOLD_2_384,WI_1,0.174594877156299,False
HOUSEHOLD_2_384,WI_2,0.7271301620491375,False
HOUSEHOLD_2_384,WI_3,0.3000522739153162,False
HOUSEHOLD_2_386,CA_1,0.2200731834814427,False
HOUSEHOLD_2_386,CA_2,0.3810768426555149,False
HOUSEHOLD_2_386,CA_3,0.2561421850496602,False
HOUSEHOLD_2_386,CA_4,0.1432305279665447,False
HOUSEHOLD_2_386,TX_1,0.1332984840564558,False
HOUSEHOLD_2_386,TX_2,0.2901202300052274,False
HOUSEHOLD_2_386,TX_3,0.2618923157344485,False
HOUSEHOLD_2_386,WI_1,0.1118661787767903,False
HOUSEHOLD_2_386,WI_2,0.0815473078933612,False
HOUSEHOLD_2_386,WI_3,0.1730266596968113,False
HOUSEHOLD_2_389,CA_1,0.6659696811291166,False
HOUSEHOLD_2_389,CA_2,2.3157344485101934,True
HOUSEHOLD_2_389,CA_3,0.9430214323052796,False
HOUSEHOLD_2_389,CA_4,0.509147935180345,False
HOUSEHOLD_2_389,TX_1,0.4380554103502352,False
HOUSEHOLD_2_389,TX_2,0.6759017250392054,False
HOUSEHOLD_2_389,TX_3,0.3146889702038682,False
HOUSEHOLD_2_389,WI_1,0.3904861474124412,False
HOUSEHOLD_2_389,WI_2,0.3617354939884997,False
HOUSEHOLD_2_389,WI_3,0.3042341871406168,False
HOUSEHOLD_2_397,CA_1,0.0700470465237846,False
HOUSEHOLD_2_397,CA_2,0.043910088865656,False
HOUSEHOLD_2_397,CA_3,0.0177731312075274,False
HOUSEHOLD_2_397,CA_4,0.0287506534239414,False
HOUSEHOLD_2_397,TX_1,0.0961840041819132,False
HOUSEHOLD_2_397,TX_2,0.0277051751176163,False
HOUSEHOLD_2_397,TX_3,0.1045478306325143,False
HOUSEHOLD_2_397,WI_1,0.0266596968112911,False
HOUSEHOLD_2_397,WI_2,0.0266596968112911,False
HOUSEHOLD_2_397,WI_3,0.0888656560376372,False
HOUSEHOLD_2_400,CA_1,0.3000522739153162,False
HOUSEHOLD_2_400,CA_2,0.2023000522739153,False
HOUSEHOLD_2_400,CA_3,0.2545739675901725,False
HOUSEHOLD_2_400,CA_4,0.09147935180345,False
HOUSEHOLD_2_400,TX_1,0.0857292211186617,False
HOUSEHOLD_2_400,TX_2,0.2352326189231573,False
HOUSEHOLD_2_400,TX_3,0.1385258755880815,False
HOUSEHOLD_2_400,WI_1,0.1186617877679038,False
HOUSEHOLD_2_400,WI_2,0.1845269210663878,False
HOUSEHOLD_2_400,WI_3,0.1364349189754312,False
HOUSEHOLD_2_401,CA_1,0.4605331939362258,False
HOUSEHOLD_2_401,CA_2,0.4657605854678515,False
HOUSEHOLD_2_401,CA_3,1.123366440146367,False
HOUSEHOLD_2_401,CA_4,0.214845791949817,False
HOUSEHOLD_2_401,TX_1,0.3282801881860951,False
HOUSEHOLD_2_401,TX_2,0.378463146889702,False
HOUSEHOLD_2_401,TX_3,0.1907997909043387,False
HOUSEHOLD_2_401,WI_1,0.200209095661265,False
HOUSEHOLD_2_401,WI_2,0.1751176163094615,False
HOUSEHOLD_2_401,WI_3,0.2650287506534239,False
HOUSEHOLD_2_404,CA_1,0.2012545739675901,False
HOUSEHOLD_2_404,CA_2,0.1212754835337166,False
HOUSEHOLD_2_404,CA_3,0.4636696288552012,False
HOUSEHOLD_2_404,CA_4,0.0862519602718243,False
HOUSEHOLD_2_404,TX_1,0.1907997909043387,False
HOUSEHOLD_2_404,TX_2,0.2744380554103502,False
HOUSEHOLD_2_404,TX_3,0.2535284892838473,False
HOUSEHOLD_2_404,WI_1,0.1123889179299529,False
HOUSEHOLD_2_404,WI_2,0.0993204391008886,False
HOUSEHOLD_2_404,WI_3,0.1139571353894406,False
HOUSEHOLD_2_407,CA_1,0.258755880815473,False
HOUSEHOLD_2_407,CA_2,0.2409827496079456,False
HOUSEHOLD_2_407,CA_3,0.2598013591217982,False
HOUSEHOLD_2_407,CA_4,0.1275483533716675,False
HOUSEHOLD_2_407,TX_1,0.1144798745426032,False
HOUSEHOLD_2_407,TX_2,0.2807109252483011,False
HOUSEHOLD_2_407,TX_3,0.1610036591740721,False
HOUSEHOLD_2_407,WI_1,0.1808677469942498,False
HOUSEHOLD_2_407,WI_2,0.0580240460010454,False
HOUSEHOLD_2_407,WI_3,0.1223209618400418,False
HOUSEHOLD_2_414,CA_1,0.1045478306325143,False
HOUSEHOLD_2_414,CA_2,0.1505488761108207,False
HOUSEHOLD_2_414,CA_3,0.4119184526921066,False
HOUSEHOLD_2_414,CA_4,0.0428646105593308,False
HOUSEHOLD_2_414,TX_1,0.0700470465237846,False
HOUSEHOLD_2_414,TX_2,0.1353894406691061,False
HOUSEHOLD_2_414,TX_3,0.1150026136957658,False
HOUSEHOLD_2_414,WI_1,0.05488761108207,False
HOUSEHOLD_2_414,WI_2,0.0726607422895974,False
HOUSEHOLD_2_414,WI_3,0.01829587036069,False
HOUSEHOLD_2_415,CA_1,0.0998431782540512,False
HOUSEHOLD_2_415,CA_2,0.203868269733403,False
HOUSEHOLD_2_415,CA_3,0.1850496602195504,False
HOUSEHOLD_2_415,CA_4,0.062205959226346,False
HOUSEHOLD_2_415,TX_1,0.0611604809200209,False
HOUSEHOLD_2_415,TX_2,0.1521170935703084,False
HOUSEHOLD_2_415,TX_3,0.084161003659174,False
HOUSEHOLD_2_415,WI_1,0.0831155253528489,False
HOUSEHOLD_2_415,WI_2,0.0470465237846314,False
HOUSEHOLD_2_415,WI_3,0.1176163094615786,False
HOUSEHOLD_2_420,CA_1,0.1019341348667015,False
HOUSEHOLD_2_420,CA_2,0.1860951385258756,False
HOUSEHOLD_2_420,CA_3,0.2138003136434919,False
HOUSEHOLD_2_420,CA_4,0.0710925248301097,False
HOUSEHOLD_2_420,TX_1,0.2049137480397281,False
HOUSEHOLD_2_420,TX_2,0.1374803972817564,False
HOUSEHOLD_2_420,TX_3,0.1249346576058546,False
HOUSEHOLD_2_420,WI_1,0.0705697856769472,False
HOUSEHOLD_2_420,WI_2,0.236800836382645,False
HOUSEHOLD_2_420,WI_3,0.1395713538944067,False
HOUSEHOLD_2_433,CA_1,0.2138003136434919,False
HOUSEHOLD_2_433,CA_2,0.3110297961317302,False
HOUSEHOLD_2_433,CA_3,0.352848928384736,False
HOUSEHOLD_2_433,CA_4,0.09147935180345,False
HOUSEHOLD_2_433,TX_1,0.1202300052273915,False
HOUSEHOLD_2_433,TX_2,0.1667537898588604,False
HOUSEHOLD_2_433,TX_3,0.0935703084161003,False
HOUSEHOLD_2_433,WI_1,0.1683220073183481,False
HOUSEHOLD_2_433,WI_2,0.1479351803450078,False
HOUSEHOLD_2_433,WI_3,0.1359121798222687,False
HOUSEHOLD_2_457,CA_1,0.4296915838996341,False
HOUSEHOLD_2_457,CA_2,1.082070047046524,False
HOUSEHOLD_2_457,CA_3,0.7459487715629901,False
HOUSEHOLD_2_457,CA_4,0.2692106638787245,False
HOUSEHOLD_2_457,TX_1,0.3669628855201254,False
HOUSEHOLD_2_457,TX_2,0.2326189231573444,False
HOUSEHOLD_2_457,TX_3,0.1197072660742289,False
HOUSEHOLD_2_457,WI_1,0.2655514898065865,False
HOUSEHOLD_2_457,WI_2,0.1955044432828019,False
HOUSEHOLD_2_457,WI_3,0.1427077888133821,False
HOUSEHOLD_2_459,CA_1,0.1207527443805541,False
HOUSEHOLD_2_459,CA_2,0.1327757449032932,False
HOUSEHOLD_2_459,CA_3,0.1578672242550967,False
HOUSEHOLD_2_459,CA_4,0.0742289597490852,False
HOUSEHOLD_2_459,TX_1,0.0595922634605331,False
HOUSEHOLD_2_459,TX_2,0.0737062205959226,False
HOUSEHOLD_2_459,TX_3,0.0444328280188186,False
HOUSEHOLD_2_459,WI_1,0.051228437009932,False
HOUSEHOLD_2_459,WI_2,0.0198640878201777,False
HOUSEHOLD_2_459,WI_3,0.0198640878201777,False
HOUSEHOLD_2_472,CA_1,0.3737584945112389,False
HOUSEHOLD_2_472,CA_2,0.7684265551489806,False
HOUSEHOLD_2_472,CA_3,1.025614218504966,False
HOUSEHOLD_2_472,CA_4,0.1082070047046523,False
HOUSEHOLD_2_472,TX_1,0.4809200209095661,False
HOUSEHOLD_2_472,TX_2,0.4845791949817041,False
HOUSEHOLD_2_472,TX_3,0.4636696288552012,False
HOUSEHOLD_2_472,WI_1,0.2169367485624673,False
HOUSEHOLD_2_472,WI_2,0.523784631468897,False
HOUSEHOLD_2_472,WI_3,0.3805541035023523,False
HOUSEHOLD_2_474,CA_1,0.1657083115525353,False
HOUSEHOLD_2_474,CA_2,0.255096706743335,False
HOUSEHOLD_2_474,CA_3,0.174594877156299,False
HOUSEHOLD_2_474,CA_4,0.1416623105070569,False
HOUSEHOLD_2_474,TX_1,0.07318348144276,False
HOUSEHOLD_2_474,TX_2,0.0815473078933612,False
HOUSEHOLD_2_474,TX_3,0.0418191322530057,False
HOUSEHOLD_2_474,WI_1,0.1207527443805541,False
HOUSEHOLD_2_474,WI_2,0.0522739153162571,False
HOUSEHOLD_2_474,WI_3,0.0449555671719811,False
HOUSEHOLD_2_476,CA_1,0.0575013068478829,False
HOUSEHOLD_2_476,CA_2,0.0899111343439623,False
HOUSEHOLD_2_476,CA_3,0.1845269210663878,False
HOUSEHOLD_2_476,CA_4,0.0705697856769472,False
HOUSEHOLD_2_476,TX_1,0.3993727130162049,False
HOUSEHOLD_2_476,TX_2,0.3319393622582331,False
HOUSEHOLD_2_476,TX_3,0.1317302665969681,False
HOUSEHOLD_2_476,WI_1,0.0501829587036069,False
HOUSEHOLD_2_476,WI_2,0.1035023523261892,False
HOUSEHOLD_2_476,WI_3,0.1040250914793518,False
HOUSEHOLD_2_478,CA_1,0.1390486147412441,False
HOUSEHOLD_2_478,CA_2,0.1651855723993727,False
HOUSEHOLD_2_478,CA_3,0.1510716152639832,False
HOUSEHOLD_2_478,CA_4,0.1291165708311552,False
HOUSEHOLD_2_478,TX_1,0.0679560899111343,False
HOUSEHOLD_2_478,TX_2,0.1270256142185049,False
HOUSEHOLD_2_478,TX_3,0.0418191322530057,False
HOUSEHOLD_2_478,WI_1,0.1280710925248301,False
HOUSEHOLD_2_478,WI_2,0.0386826973340303,False
HOUSEHOLD_2_478,WI_3,0.0825927861996863,False
HOUSEHOLD_2_482,CA_1,0.247778358599059,False
HOUSEHOLD_2_482,CA_2,0.192890747516989,False
HOUSEHOLD_2_482,CA_3,0.3251437532671197,False
HOUSEHOLD_2_482,CA_4,0.1055933089388395,False
HOUSEHOLD_2_482,TX_1,0.1317302665969681,False
HOUSEHOLD_2_482,TX_2,0.3063251437532671,False
HOUSEHOLD_2_482,TX_3,0.1144798745426032,False
HOUSEHOLD_2_482,WI_1,0.1191845269210663,False
HOUSEHOLD_2_482,WI_2,0.05488761108207,False
HOUSEHOLD_2_482,WI_3,0.1082070047046523,False
HOUSEHOLD_2_484,CA_1,0.2686879247255619,False
HOUSEHOLD_2_484,CA_2,0.2974385781495034,False
HOUSEHOLD_2_484,CA_3,0.3131207527443805,False
HOUSEHOLD_2_484,CA_4,0.1667537898588604,False
HOUSEHOLD_2_484,TX_1,0.1756403554626241,False
HOUSEHOLD_2_484,TX_2,0.1970726607422896,False
HOUSEHOLD_2_484,TX_3,0.1913225300575013,False
HOUSEHOLD_2_484,WI_1,0.1604809200209095,False
HOUSEHOLD_2_484,WI_2,0.1181390486147412,False
HOUSEHOLD_2_484,WI_3,0.1123889179299529,False
HOUSEHOLD_2_485,CA_1,0.4898065865133298,False
HOUSEHOLD_2_485,CA_2,1.096706743335076,False
HOUSEHOLD_2_485,CA_3,0.9686356508102456,False
HOUSEHOLD_2_485,CA_4,0.2660742289597491,False
HOUSEHOLD_2_485,TX_1,0.5551489806586514,False
HOUSEHOLD_2_485,TX_2,0.3805541035023523,False
HOUSEHOLD_2_485,TX_3,0.3251437532671197,False
HOUSEHOLD_2_485,WI_1,0.181913225300575,False
HOUSEHOLD_2_485,WI_2,0.422373235755358,False
HOUSEHOLD_2_485,WI_3,0.2054364871928907,False
HOUSEHOLD_2_489,CA_1,0.1421850496602195,False
HOUSEHOLD_2_489,CA_2,0.2362780972294824,False
HOUSEHOLD_2_489,CA_3,0.2540512284370099,False
HOUSEHOLD_2_489,CA_4,0.0799790904338735,False
HOUSEHOLD_2_489,TX_1,0.1066387872451646,False
HOUSEHOLD_2_489,TX_2,0.09147935180345,False
HOUSEHOLD_2_489,TX_3,0.065865133298484,False
HOUSEHOLD_2_489,WI_1,0.0721380031364349,False
HOUSEHOLD_2_489,WI_2,0.0737062205959226,False
HOUSEHOLD_2_489,WI_3,0.069524307370622,False
HOUSEHOLD_2_508,CA_1,0.1468897020386827,False
HOUSEHOLD_2_508,CA_2,0.2394145321484579,False
HOUSEHOLD_2_508,CA_3,0.1489806586513329,False
HOUSEHOLD_2_508,CA_4,0.069524307370622,False
HOUSEHOLD_2_508,TX_1,0.0669106116048092,False
HOUSEHOLD_2_508,TX_2,0.0778881338212232,False
HOUSEHOLD_2_508,TX_3,0.043910088865656,False
HOUSEHOLD_2_508,WI_1,0.0663878724516466,False
HOUSEHOLD_2_508,WI_2,0.0616832200731834,False
HOUSEHOLD_2_508,WI_3,0.043910088865656,False
HOUSEHOLD_2_513,CA_1,0.4992158912702561,False
HOUSEHOLD_2_513,CA_2,0.244119184526921,False
HOUSEHOLD_2_513,CA_3,1.5912179822268688,True
HOUSEHOLD_2_513,CA_4,0.1944589649764767,False
HOUSEHOLD_2_513,TX_1,0.2582331416623105,False
HOUSEHOLD_2_513,TX_2,0.2958703606900156,False
HOUSEHOLD_2_513,TX_3,0.4563512807109252,False
HOUSEHOLD_2_513,WI_1,0.1594354417145844,False
HOUSEHOLD_2_513,WI_2,0.1244119184526921,False
HOUSEHOLD_2_513,WI_3,0.3146889702038682,False
